{0}	{0}	{0}	{0}	{0}	{0}	{0}	{0, 1, 2, 3, 4, 5, 6, 7, 8}	{0}	{0}	{0}	{0}	{0}	{0}	{0}	0	1	3	
{0}	{0}	{1}	{0}	{0, 1, 2, 3, 4, 5, 6, 7, 8}	{0}	{0}	{0}	{1}	{0}	{1}	{0}	{0}	{1}	{0}	0	1	3	
{0}	{0}	{2}	{0, 1, 2, 3, 4, 5, 6, 7, 8}	{0}	{0}	{0}	{1}	{2}	{1}	{1}	{0}	{0}	{2}	{0}	0	1	3	
{0}	{0}	{3}	{0}	{0}	{0}	{0, 1, 2, 3, 4, 5, 6, 7, 8}	{1}	{3}	{0}	{0, 1, 2, 3, 4, 5, 6, 7, 8}	{0}	{0}	{3}	{0}	0	1	3	
{0}	{0}	{4}	{0}	{0}	{0}	{0}	{0}	{4}	{0}	{0}	{0}	{0}	{2}	{1}	0	1	3	
{0}	{0}	{5}	{0}	{0}	{0}	{0}	{0, 1, 2, 3, 4, 5, 6, 7, 8}	{3}	{1}	{1}	{0}	{0}	{1}	{1}	0	1	3	
{0}	{0}	{6}	{0}	{0}	{0}	{0}	{1}	{2}	{1}	{0}	{0}	{0}	{1}	{1}	0	1	3	
{0}	{0}	{7}	{0, 1, 2, 3, 4, 5, 6, 7, 8}	{0}	{0}	{0}	{1}	{2}	{2}	{0}	{0}	{0}	{1}	{1}	0	1	3	
{0}	{0}	{8}	{0}	{0}	{0}	{0}	{1}	{2}	{0}	{0}	{0}	{0}	{0}	{1}	0	1	3	
{0}	{0}	{9}	{0}	{0}	{0}	{0}	{0, 1, 2, 3, 4, 5, 6, 7, 8}	{1}	{0}	{0}	{0}	{0}	{2}	{2}	0	1	3	
{0}	{0}	{10}	{0}	{0}	{0}	{0}	{1}	{3}	{0}	{0}	{0}	{0}	{4}	{2}	0	1	3	
{0}	{0}	{0, 1, 2, 3, 4, 5, 6, 7, 8, 9, 10, 11, 12, 13, 14, 15, 16, 17, 18, 19, 20, 21, 22, 23, 24}	{0}	{0}	{0}	{0}	{1}	{0}	{1}	{0, 1, 2, 3, 4, 5, 6, 7, 8}	{0}	{0}	{2}	{2}	0	1	3	
{0}	{1}	{0}	{1}	{1}	{1}	{1}	{1}	{0}	{0}	{0}	{1}	{1}	{4}	{1}	0	0	0	
{0}	{1}	{1}	{1}	{1}	{1}	{1}	{0, 1, 2, 3, 4, 5, 6, 7, 8}	{0}	{1}	{0}	{0, 1, 2, 3, 4, 5, 6, 7, 8}	{1}	{2}	{1}	0	0	0	
{0}	{1}	{2}	{1}	{1}	{1}	{1}	{1}	{3}	{3}	{0}	{1}	{1}	{0, 1, 2, 3, 4, 5, 6, 7, 8, 9}	{1}	0	0	0	
{0}	{1}	{3}	{1}	{0, 1, 2, 3, 4, 5, 6, 7, 8}	{1}	{1}	{1}	{1}	{3}	{0}	{1}	{1}	{1}	{1}	0	0	0	
{0}	{1}	{4}	{1}	{1}	{1}	{1}	{1}	{2}	{1}	{0}	{1}	{1}	{0, 1, 2, 3, 4, 5, 6, 7, 8, 9}	{2}	0	0	0	
{0, 1}	{1}	{5}	{1}	{1}	{1}	{1}	{1}	{4}	{0, 1, 2, 3, 4, 5, 6, 7, 8}	{0}	{0, 1, 2, 3, 4, 5, 6, 7, 8}	{1}	{1}	{2}	0	0	0	
{0}	{1}	{0, 1, 2, 3, 4, 5, 6, 7, 8, 9, 10, 11, 12, 13, 14, 15, 16, 17, 18, 19, 20, 21, 22, 23, 24}	{1}	{1}	{1}	{1}	{1}	{2}	{1}	{0}	{1}	{1}	{0}	{2}	0	0	0	
{0}	{1}	{7}	{1}	{1}	{1}	{1}	{1}	{1}	{3}	{0}	{1}	{1}	{2}	{2}	0	0	0	
{0}	{1}	{8}	{1}	{1}	{0, 1, 2, 3, 4, 5, 6, 7, 8}	{1}	{1}	{3}	{0}	{0}	{1}	{0, 1, 2, 3, 4, 5, 6, 7, 8}	{2}	{0}	0	0	0	
{0}	{1}	{0, 1, 2, 3, 4, 5, 6, 7, 8, 9, 10, 11, 12, 13, 14, 15, 16, 17, 18, 19, 20, 21, 22, 23, 24}	{1}	{1}	{1}	{1}	{0, 1, 2, 3, 4, 5, 6, 7, 8}	{3}	{0}	{0}	{1}	{1}	{2}	{0}	0	0	0	
{0}	{1}	{10}	{1}	{1}	{1}	{1}	{1}	{3}	{0}	{0}	{1}	{1}	{2}	{0}	0	0	0	
{0}	{1}	{11}	{1}	{0, 1, 2, 3, 4, 5, 6, 7, 8}	{1}	{1}	{1}	{3}	{1}	{0}	{1}	{1}	{1}	{0}	0	0	0	
{0}	{2}	{0}	{2}	{2}	{2}	{2}	{1}	{4}	{0}	{0}	{2}	{2}	{2}	{0}	3	6	12	
{0}	{2}	{1}	{2}	{2}	{2}	{2}	{0, 1, 2, 3, 4, 5, 6, 7, 8}	{3}	{0, 1, 2, 3, 4, 5, 6, 7, 8}	{0}	{2}	{2}	{2}	{0}	3	6	12	
{0}	{2}	{2}	{2}	{2}	{2}	{2}	{1}	{3}	{2}	{0}	{2}	{2}	{0}	{0}	3	6	12	
{0}	{2}	{0, 1, 2, 3, 4, 5, 6, 7, 8, 9, 10, 11, 12, 13, 14, 15, 16, 17, 18, 19, 20, 21, 22, 23, 24}	{2}	{0, 1, 2, 3, 4, 5, 6, 7, 8}	{2}	{2}	{1}	{1}	{3}	{0}	{2}	{2}	{4}	{0}	3	6	12	
{0}	{2}	{4}	{2}	{2}	{2}	{2}	{1}	{0}	{1}	{0}	{2}	{2}	{2}	{0}	3	6	12	
{0}	{2}	{5}	{2}	{2}	{2}	{2}	{1}	{0, 1, 2, 3, 4, 5, 6, 7, 8, 9}	{0}	{0}	{2}	{2}	{2}	{1}	3	6	12	
{0}	{2}	{0, 1, 2, 3, 4, 5, 6, 7, 8, 9, 10, 11, 12, 13, 14, 15, 16, 17, 18, 19, 20, 21, 22, 23, 24}	{2}	{2}	{2}	{2}	{1}	{3}	{1}	{0}	{2}	{2}	{2}	{1}	3	6	12	
{0}	{2}	{0, 1, 2, 3, 4, 5, 6, 7, 8, 9, 10, 11, 12, 13, 14, 15, 16, 17, 18, 19, 20, 21, 22, 23, 24}	{2}	{2}	{2}	{2}	{1}	{3}	{2}	{0}	{2}	{2}	{1}	{1}	3	6	12	
{0}	{2}	{0, 1, 2, 3, 4, 5, 6, 7, 8, 9, 10, 11, 12, 13, 14, 15, 16, 17, 18, 19, 20, 21, 22, 23, 24}	{2}	{2}	{2}	{2}	{1}	{0, 1, 2, 3, 4, 5, 6, 7, 8, 9}	{0, 1, 2, 3, 4, 5, 6, 7, 8}	{0}	{2}	{2}	{2}	{1}	3	6	12	
{0}	{2}	{9}	{2}	{2}	{0, 1, 2, 3, 4, 5, 6, 7, 8}	{2}	{1}	{3}	{0}	{0}	{2}	{2}	{0}	{2}	3	6	12	
{0}	{2}	{10}	{2}	{2}	{2}	{2}	{1}	{1}	{3}	{0}	{2}	{2}	{0, 1, 2, 3, 4, 5, 6, 7, 8, 9}	{2}	3	6	12	
{0}	{0, 1, 2, 3, 4, 5, 6, 7, 8, 9, 10, 11, 12, 13, 14, 15, 16, 17, 18, 19, 20, 21, 22, 23, 24, 25, 26, 27, 28, 29}	{11}	{2}	{2}	{2}	{2}	{1}	{0}	{0}	{0}	{2}	{2}	{2}	{2}	3	6	12	
{0}	{3}	{0, 1, 2, 3, 4, 5, 6, 7, 8, 9, 10, 11, 12, 13, 14, 15, 16, 17, 18, 19, 20, 21, 22, 23, 24}	{0}	{0}	{0}	{0}	{2}	{0}	{0}	{0}	{0}	{0}	{5}	{2}	0	1	2	
{0}	{3}	{1}	{0}	{0, 1, 2, 3, 4, 5, 6, 7, 8}	{0}	{0}	{3}	{5}	{1}	{2}	{0}	{0}	{6}	{2}	0	1	2	
{0}	{3}	{2}	{0}	{0}	{0}	{0}	{4}	{6}	{3}	{0, 1, 2, 3, 4, 5, 6, 7, 8}	{0}	{0}	{0}	{2}	0	1	2	
{0}	{3}	{0, 1, 2, 3, 4, 5, 6, 7, 8, 9, 10, 11, 12, 13, 14, 15, 16, 17, 18, 19, 20, 21, 22, 23, 24}	{0}	{0}	{0}	{0}	{5}	{1}	{0}	{4}	{0}	{0}	{4}	{0}	0	1	2	
{0}	{3}	{4}	{0}	{0}	{0}	{0}	{3}	{0}	{1}	{5}	{0}	{0}	{2}	{0}	0	1	2	
{0}	{3}	{5}	{0}	{0}	{0, 1, 2, 3, 4, 5, 6, 7, 8}	{0}	{3}	{3}	{0}	{3}	{0}	{0}	{2}	{0}	0	1	2	
{0}	{3}	{6}	{0}	{0}	{0}	{0}	{6}	{3}	{1}	{3}	{0}	{0}	{1}	{0}	0	1	2	
{0}	{3}	{7}	{0}	{0}	{0}	{0, 1, 2, 3, 4, 5, 6, 7, 8}	{7}	{2}	{2}	{6}	{0}	{0}	{1}	{0}	0	1	2	
{0}	{3}	{8}	{0, 1, 2, 3, 4, 5, 6, 7, 8}	{0}	{0}	{0}	{7}	{2}	{0}	{7}	{0, 1, 2, 3, 4, 5, 6, 7, 8}	{0}	{2}	{1}	0	1	2	
{0}	{0, 1, 2, 3, 4, 5, 6, 7, 8, 9, 10, 11, 12, 13, 14, 15, 16, 17, 18, 19, 20, 21, 22, 23, 24, 25, 26, 27, 28, 29}	{9}	{0}	{0}	{0}	{0}	{3}	{3}	{0}	{7}	{0}	{0}	{1}	{1}	0	1	2	
{0}	{3}	{10}	{0}	{0}	{0}	{0}	{3}	{0, 1, 2, 3, 4, 5, 6, 7, 8, 9}	{0}	{3}	{0}	{0}	{6}	{1}	0	1	2	
{0}	{3}	{11}	{0}	{0}	{0}	{0}	{7}	{6}	{0}	{3}	{0}	{0}	{1}	{0, 1, 2, 3, 4, 5, 6, 7, 8, 9}	0	1	2	
{0}	{4}	{0}	{3}	{3}	{3}	{3}	{1}	{2}	{0}	{0}	{3}	{3}	{2}	{0}	0	0	0	
{0}	{4}	{1}	{3}	{3}	{3}	{3}	{1}	{0, 1, 2, 3, 4, 5, 6, 7, 8, 9}	{0}	{0}	{3}	{3}	{1}	{0}	0	0	0	
{0, 1}	{4}	{2}	{3}	{3}	{3}	{3}	{1}	{2}	{3}	{0}	{3}	{3}	{4}	{1}	3	6	13	
{0}	{4}	{3}	{3}	{3}	{3}	{3}	{1}	{0, 1, 2, 3, 4, 5, 6, 7, 8, 9}	{3}	{0}	{3}	{3}	{4}	{1}	0	0	0	
{0}	{4}	{4}	{3}	{3}	{3}	{3}	{1}	{0}	{0}	{0}	{3}	{0, 1, 2, 3, 4, 5, 6, 7, 8}	{4}	{1}	0	0	0	
{0}	{0, 1, 2, 3, 4, 5, 6, 7, 8, 9, 10, 11, 12, 13, 14, 15, 16, 17, 18, 19, 20, 21, 22, 23, 24, 25, 26, 27, 28, 29}	{5}	{0, 1, 2, 3, 4, 5, 6, 7, 8}	{3}	{3}	{3}	{1}	{0}	{0}	{0}	{3}	{3}	{2}	{1}	0	0	0	
{0, 1}	{4}	{6}	{3}	{3}	{3}	{3}	{1}	{3}	{1}	{0}	{3}	{3}	{1}	{2}	0	0	0	
{0}	{4}	{7}	{3}	{3}	{3}	{3}	{1}	{2}	{2}	{0}	{3}	{3}	{2}	{2}	0	0	0	
{0}	{4}	{8}	{3}	{3}	{3}	{3}	{1}	{3}	{0}	{0}	{3}	{3}	{0}	{2}	0	0	0	
{0}	{4}	{9}	{3}	{3}	{3}	{3}	{1}	{1}	{3}	{0}	{3}	{3}	{0, 1, 2, 3, 4, 5, 6, 7, 8, 9}	{2}	0	0	0	
{0}	{4}	{10}	{3}	{3}	{3}	{3}	{1}	{0}	{3}	{0}	{3}	{4}	{2}	{0}	0	0	0	
{0}	{4}	{11}	{0, 1, 2, 3, 4, 5, 6, 7, 8}	{4}	{4}	{4}	{1}	{3}	{1}	{0}	{4}	{4}	{4}	{0}	0	0	0	
{0}	{5}	{0}	{0}	{0}	{0}	{0}	{8}	{0}	{0}	{0}	{0}	{0}	{2}	{1}	0	0	1	
{0}	{5}	{1}	{0}	{0}	{0, 1, 2, 3, 4, 5, 6, 7, 8}	{0}	{0}	{3}	{1}	{8}	{0}	{0}	{1}	{1}	0	0	1	
{0}	{5}	{2}	{0}	{0}	{0}	{0}	{0}	{2}	{3}	{1}	{0}	{0}	{2}	{2}	0	0	1	
{0}	{5}	{3}	{0}	{0}	{0, 1, 2, 3, 4, 5, 6, 7, 8}	{0}	{0}	{3}	{3}	{1}	{0}	{0}	{3}	{2}	0	0	1	
{0}	{5}	{4}	{0}	{0}	{0}	{0}	{0}	{4}	{0}	{1}	{0}	{0}	{7}	{0, 1, 2, 3, 4, 5, 6, 7, 8, 9}	0	0	1	
{0}	{0, 1, 2, 3, 4, 5, 6, 7, 8, 9, 10, 11, 12, 13, 14, 15, 16, 17, 18, 19, 20, 21, 22, 23, 24, 25, 26, 27, 28, 29}	{5}	{0}	{0}	{0}	{0}	{4}	{7}	{0, 1, 2, 3, 4, 5, 6, 7, 8}	{1}	{0}	{0}	{2}	{2}	0	0	1	
{0}	{0, 1, 2, 3, 4, 5, 6, 7, 8, 9, 10, 11, 12, 13, 14, 15, 16, 17, 18, 19, 20, 21, 22, 23, 24, 25, 26, 27, 28, 29}	{6}	{0}	{0}	{0}	{0}	{8}	{3}	{0, 1, 2, 3, 4, 5, 6, 7, 8}	{4}	{0}	{0}	{1}	{2}	0	0	1	
{0}	{5}	{7}	{0}	{0, 1, 2, 3, 4, 5, 6, 7, 8}	{0}	{0}	{0}	{2}	{1}	{8}	{0}	{0}	{1}	{0}	0	0	1	
{0, 1}	{5}	{8}	{0}	{0}	{0}	{0}	{8}	{2}	{0}	{1}	{0}	{0}	{1}	{0}	0	0	1	
{0, 1}	{5}	{9}	{0}	{0}	{0}	{0}	{8}	{2}	{0}	{8}	{0}	{0}	{0}	{0}	0	0	1	
{0}	{5}	{10}	{0}	{0}	{0}	{0}	{6}	{1}	{3}	{8}	{0}	{0}	{1}	{0, 1, 2, 3, 4, 5, 6, 7, 8, 9}	0	0	1	
{0}	{5}	{11}	{0}	{0}	{0}	{0, 1, 2, 3, 4, 5, 6, 7, 8}	{0}	{2}	{1}	{6}	{0}	{0}	{1}	{0}	0	0	1	
{0}	{6}	{0}	{0, 1, 2, 3, 4, 5, 6, 7, 8}	{3}	{3}	{3}	{1}	{2}	{0}	{0, 1, 2, 3, 4, 5, 6, 7, 8}	{5}	{3}	{2}	{2}	2	4	9	
{0}	{6}	{1}	{4}	{3}	{3}	{3}	{1}	{3}	{0}	{0}	{3}	{3}	{2}	{0}	3	7	14	
{0}	{6}	{2}	{3}	{3}	{3}	{3}	{1}	{3}	{0}	{0}	{3}	{3}	{1}	{0}	3	7	14	
{0}	{6}	{3}	{3}	{3}	{3}	{3}	{1}	{2}	{3}	{0}	{3}	{3}	{4}	{0}	3	7	14	
{0}	{6}	{4}	{3}	{3}	{3}	{3}	{1}	{0}	{0}	{0}	{3}	{3}	{1}	{0}	3	7	14	
{0}	{6}	{0, 1, 2, 3, 4, 5, 6, 7, 8, 9, 10, 11, 12, 13, 14, 15, 16, 17, 18, 19, 20, 21, 22, 23, 24}	{3}	{3}	{3}	{3}	{1}	{2}	{0}	{0}	{3}	{3}	{4}	{0}	3	7	14	
{0}	{6}	{6}	{3}	{3}	{3}	{3}	{1}	{0}	{1}	{0}	{3}	{3}	{4}	{1}	3	7	14	
{0}	{0, 1, 2, 3, 4, 5, 6, 7, 8, 9, 10, 11, 12, 13, 14, 15, 16, 17, 18, 19, 20, 21, 22, 23, 24, 25, 26, 27, 28, 29}	{7}	{3}	{3}	{3}	{3}	{1}	{0}	{5}	{0}	{3}	{3}	{2}	{1}	3	7	14	
{0}	{6}	{8}	{3}	{3}	{0, 1, 2, 3, 4, 5, 6, 7, 8}	{3}	{1}	{3}	{0}	{0}	{3}	{0, 1, 2, 3, 4, 5, 6, 7, 8}	{0}	{1}	3	7	15	
{0}	{6}	{9}	{3}	{0, 1, 2, 3, 4, 5, 6, 7, 8}	{3}	{3}	{1}	{1}	{0}	{0}	{0, 1, 2, 3, 4, 5, 6, 7, 8}	{3}	{4}	{1}	3	7	14	
{0}	{6}	{10}	{3}	{3}	{0, 1, 2, 3, 4, 5, 6, 7, 8}	{3}	{1}	{0}	{3}	{0}	{3}	{3}	{4}	{2}	3	7	15	
{0}	{0, 1, 2, 3, 4, 5, 6, 7, 8, 9, 10, 11, 12, 13, 14, 15, 16, 17, 18, 19, 20, 21, 22, 23, 24, 25, 26, 27, 28, 29}	{11}	{3}	{3}	{3}	{0, 1, 2, 3, 4, 5, 6, 7, 8}	{1}	{0}	{1}	{0}	{3}	{3}	{2}	{2}	3	7	15	
{0}	{7}	{0}	{1}	{1}	{1}	{1}	{1}	{2}	{0}	{0}	{1}	{0, 1, 2, 3, 4, 5, 6, 7, 8}	{4}	{2}	2	4	9	
{0}	{7}	{1}	{0, 1, 2, 3, 4, 5, 6, 7, 8}	{1}	{1}	{1}	{1}	{0}	{3}	{0}	{1}	{1}	{1}	{0}	2	4	9	
{0}	{7}	{2}	{1}	{1}	{1}	{1}	{1}	{2}	{1}	{0}	{1}	{1}	{4}	{0}	2	4	9	
{0}	{0, 1, 2, 3, 4, 5, 6, 7, 8, 9, 10, 11, 12, 13, 14, 15, 16, 17, 18, 19, 20, 21, 22, 23, 24, 25, 26, 27, 28, 29}	{3}	{1}	{1}	{1}	{1}	{1}	{0}	{2}	{0, 1, 2, 3, 4, 5, 6, 7, 8}	{1}	{1}	{4}	{0}	2	4	9	
{0}	{7}	{4}	{1}	{1}	{1}	{1}	{1}	{0}	{1}	{0}	{1}	{0, 1, 2, 3, 4, 5, 6, 7, 8}	{4}	{0}	2	4	9	
{0}	{7}	{5}	{1}	{0, 1, 2, 3, 4, 5, 6, 7, 8}	{1}	{0, 1, 2, 3, 4, 5, 6, 7, 8}	{1}	{0}	{3}	{0}	{1}	{1}	{0, 1, 2, 3, 4, 5, 6, 7, 8, 9}	{0}	3	7	14	
{0}	{0, 1, 2, 3, 4, 5, 6, 7, 8, 9, 10, 11, 12, 13, 14, 15, 16, 17, 18, 19, 20, 21, 22, 23, 24, 25, 26, 27, 28, 29}	{6}	{1}	{1}	{1}	{1}	{1}	{0}	{1}	{0}	{0, 1, 2, 3, 4, 5, 6, 7, 8}	{1}	{1}	{1}	3	7	14	
{0}	{7}	{7}	{1}	{1}	{1}	{0, 1, 2, 3, 4, 5, 6, 7, 8}	{1}	{2}	{3}	{0}	{1}	{0, 1, 2, 3, 4, 5, 6, 7, 8}	{1}	{1}	3	7	14	
{0}	{7}	{8}	{1}	{1}	{1}	{1}	{1}	{2}	{0}	{0}	{1}	{1}	{1}	{1}	3	7	14	
{0, 1}	{7}	{9}	{1}	{1}	{1}	{1}	{1}	{2}	{0}	{0}	{1}	{0, 1, 2, 3, 4, 5, 6, 7, 8}	{1}	{2}	3	7	14	
{0}	{7}	{10}	{1}	{1}	{1}	{1}	{1}	{2}	{3}	{0}	{1}	{1}	{2}	{2}	3	7	14	
{0}	{7}	{11}	{1}	{1}	{1}	{1}	{1}	{3}	{1}	{0}	{1}	{1}	{2}	{2}	3	7	14	
{0}	{8}	{0}	{5}	{5}	{5}	{5}	{1}	{0}	{0}	{0}	{6}	{5}	{2}	{3}	2	5	10	
{0}	{8}	{1}	{5}	{5}	{5}	{5}	{1}	{3}	{1}	{0}	{6}	{5}	{2}	{3}	2	5	10	
{0}	{8}	{2}	{5}	{5}	{5}	{5}	{1}	{3}	{0}	{0}	{6}	{5}	{1}	{3}	2	5	11	
{0}	{8}	{3}	{5}	{5}	{5}	{5}	{1}	{2}	{3}	{0}	{6}	{5}	{4}	{3}	2	5	10	
{0}	{8}	{4}	{5}	{5}	{5}	{5}	{1}	{0}	{3}	{0}	{6}	{1}	{3}	{3}	2	5	11	
{0}	{8}	{5}	{5}	{1}	{5}	{1}	{1}	{4}	{2}	{0}	{1}	{1}	{0, 1, 2, 3, 4, 5, 6, 7, 8, 9}	{4}	2	4	8	
{0}	{8}	{6}	{1}	{1}	{1}	{1}	{1}	{3}	{1}	{0}	{6}	{5}	{2}	{4}	2	4	8	
{0, 1}	{8}	{7}	{5}	{5}	{5}	{1}	{1}	{3}	{2}	{0}	{1}	{1}	{2}	{4}	2	5	11	
{0}	{8}	{8}	{1}	{1}	{1}	{1}	{1}	{3}	{0}	{0, 1, 2, 3, 4, 5, 6, 7, 8}	{1}	{5}	{1}	{4}	2	4	8	
{0}	{8}	{9}	{1}	{1}	{1}	{1}	{1}	{2}	{0}	{0}	{6}	{5}	{0}	{4}	2	5	11	
{0}	{8}	{0, 1, 2, 3, 4, 5, 6, 7, 8, 9, 10, 11, 12, 13, 14, 15, 16, 17, 18, 19, 20, 21, 22, 23, 24}	{5}	{0, 1, 2, 3, 4, 5, 6, 7, 8}	{5}	{5}	{1}	{1}	{2}	{0}	{6}	{5}	{4}	{5}	2	5	11	
{0}	{8}	{11}	{5}	{5}	{0, 1, 2, 3, 4, 5, 6, 7, 8}	{1}	{1}	{0}	{1}	{0}	{1}	{5}	{1}	{5}	2	5	11	
{0}	{9}	{0}	{0}	{0}	{0}	{0}	{0}	{2}	{0}	{0}	{0}	{0}	{0, 1, 2, 3, 4, 5, 6, 7, 8, 9}	{2}	3	7	14	
{0}	{9}	{1}	{0}	{0}	{0}	{0}	{0}	{0, 1, 2, 3, 4, 5, 6, 7, 8, 9}	{1}	{1}	{0}	{0}	{4}	{0}	3	7	14	
{0}	{9}	{0, 1, 2, 3, 4, 5, 6, 7, 8, 9, 10, 11, 12, 13, 14, 15, 16, 17, 18, 19, 20, 21, 22, 23, 24}	{0}	{0}	{0}	{0}	{6}	{0}	{5}	{1}	{0}	{0}	{2}	{0}	3	7	15	
{0}	{9}	{3}	{0}	{0}	{0}	{0}	{8}	{3}	{0}	{6}	{0}	{0}	{2}	{0}	3	7	15	
{0}	{9}	{4}	{0, 1, 2, 3, 4, 5, 6, 7, 8}	{0}	{0}	{0, 1, 2, 3, 4, 5, 6, 7, 8}	{0}	{3}	{1}	{8}	{0}	{0, 1, 2, 3, 4, 5, 6, 7, 8}	{4}	{0}	3	7	15	
{0}	{9}	{5}	{0}	{0}	{0}	{0}	{0}	{0}	{0}	{1}	{0}	{0, 1, 2, 3, 4, 5, 6, 7, 8}	{1}	{0}	3	7	15	
{0}	{9}	{6}	{0}	{0}	{0}	{0, 1, 2, 3, 4, 5, 6, 7, 8}	{0}	{2}	{1}	{1}	{0}	{0}	{1}	{6}	3	7	15	
{0}	{9}	{7}	{0}	{0}	{0}	{0}	{0}	{2}	{2}	{1}	{0}	{0}	{1}	{6}	3	7	15	
{0, 1}	{9}	{8}	{0}	{0}	{0}	{0}	{0, 1, 2, 3, 4, 5, 6, 7, 8}	{2}	{0}	{1}	{0}	{0}	{2}	{6}	3	7	15	
{0}	{9}	{9}	{0}	{0}	{0}	{0}	{8}	{3}	{0}	{1}	{0}	{0}	{0, 1, 2, 3, 4, 5, 6, 7, 8, 9}	{1}	3	7	15	
{0}	{9}	{10}	{0}	{0}	{0}	{0, 1, 2, 3, 4, 5, 6, 7, 8}	{6}	{1}	{2}	{8}	{0}	{0}	{0, 1, 2, 3, 4, 5, 6, 7, 8, 9}	{1}	3	7	14	
{0}	{9}	{11}	{0}	{0}	{0}	{0}	{0}	{0, 1, 2, 3, 4, 5, 6, 7, 8, 9}	{1}	{6}	{0}	{0, 1, 2, 3, 4, 5, 6, 7, 8}	{4}	{1}	3	7	15	
{0}	{10}	{0}	{5}	{5}	{5}	{5}	{1}	{2}	{0}	{0}	{6}	{5}	{3}	{2}	3	7	14	
{0}	{10}	{1}	{5}	{5}	{5}	{0, 1, 2, 3, 4, 5, 6, 7, 8}	{1}	{4}	{1}	{0}	{6}	{5}	{2}	{2}	3	7	15	
{0}	{10}	{2}	{5}	{5}	{5}	{5}	{1}	{3}	{0}	{0}	{6}	{5}	{0, 1, 2, 3, 4, 5, 6, 7, 8, 9}	{2}	3	7	15	
{0}	{10}	{3}	{5}	{5}	{5}	{5}	{1}	{3}	{3}	{0}	{0, 1, 2, 3, 4, 5, 6, 7, 8}	{5}	{1}	{2}	3	7	15	
{0}	{10}	{4}	{5}	{5}	{5}	{5}	{1}	{2}	{1}	{0}	{6}	{5}	{2}	{0}	3	7	15	
{0}	{10}	{5}	{5}	{5}	{5}	{5}	{1}	{3}	{0}	{0}	{6}	{5}	{4}	{0}	3	7	15	
{0, 1}	{10}	{6}	{5}	{5}	{5}	{5}	{1}	{0}	{0}	{0}	{6}	{5}	{6}	{0}	3	7	15	
{0}	{0, 1, 2, 3, 4, 5, 6, 7, 8, 9, 10, 11, 12, 13, 14, 15, 16, 17, 18, 19, 20, 21, 22, 23, 24, 25, 26, 27, 28, 29}	{7}	{5}	{5}	{5}	{5}	{1}	{6}	{2}	{0}	{6}	{5}	{2}	{0}	3	7	15	
{0}	{10}	{8}	{5}	{5}	{5}	{5}	{1}	{3}	{0}	{0}	{6}	{5}	{1}	{0}	3	7	15	
{0}	{10}	{9}	{5}	{5}	{5}	{5}	{1}	{2}	{0}	{0}	{6}	{5}	{1}	{1}	3	7	15	
{0}	{10}	{10}	{5}	{0, 1, 2, 3, 4, 5, 6, 7, 8}	{5}	{5}	{1}	{2}	{0}	{0}	{6}	{5}	{4}	{1}	3	7	15	
{0, 1}	{10}	{11}	{5}	{5}	{5}	{5}	{1}	{0}	{1}	{0}	{6}	{5}	{2}	{1}	3	7	15	
{0}	{11}	{0}	{5}	{1}	{1}	{1}	{1}	{4}	{0}	{0}	{1}	{1}	{4}	{2}	0	1	3	
{0}	{0, 1, 2, 3, 4, 5, 6, 7, 8, 9, 10, 11, 12, 13, 14, 15, 16, 17, 18, 19, 20, 21, 22, 23, 24, 25, 26, 27, 28, 29}	{1}	{1}	{1}	{1}	{1}	{1}	{0}	{1}	{0}	{1}	{1}	{4}	{2}	0	1	3	
{0}	{11}	{2}	{1}	{1}	{1}	{1}	{1}	{0, 1, 2, 3, 4, 5, 6, 7, 8, 9}	{3}	{0}	{1}	{1}	{1}	{2}	0	1	3	
{0}	{11}	{3}	{1}	{1}	{1}	{1}	{1}	{2}	{0}	{0, 1, 2, 3, 4, 5, 6, 7, 8}	{1}	{0, 1, 2, 3, 4, 5, 6, 7, 8}	{4}	{2}	0	1	3	
{0}	{11}	{4}	{1}	{1}	{1}	{1}	{1}	{0, 1, 2, 3, 4, 5, 6, 7, 8, 9}	{0}	{0}	{1}	{1}	{2}	{2}	0	1	3	
{0}	{0, 1, 2, 3, 4, 5, 6, 7, 8, 9, 10, 11, 12, 13, 14, 15, 16, 17, 18, 19, 20, 21, 22, 23, 24, 25, 26, 27, 28, 29}	{5}	{1}	{1}	{0, 1, 2, 3, 4, 5, 6, 7, 8}	{1}	{1}	{3}	{0}	{0}	{1}	{1}	{2}	{0}	0	1	3	
{0}	{11}	{6}	{1}	{0, 1, 2, 3, 4, 5, 6, 7, 8}	{1}	{0, 1, 2, 3, 4, 5, 6, 7, 8}	{1}	{3}	{1}	{0, 1, 2, 3, 4, 5, 6, 7, 8}	{1}	{5}	{8}	{0}	0	1	3	
{0}	{11}	{7}	{1}	{1}	{1}	{1}	{0}	{8}	{4}	{0}	{1}	{5}	{1}	{0}	0	1	3	
{0}	{0, 1, 2, 3, 4, 5, 6, 7, 8, 9, 10, 11, 12, 13, 14, 15, 16, 17, 18, 19, 20, 21, 22, 23, 24, 25, 26, 27, 28, 29}	{8}	{1}	{1}	{1}	{1}	{1}	{2}	{1}	{1}	{1}	{5}	{0, 1, 2, 3, 4, 5, 6, 7, 8, 9}	{0}	0	1	3	
{0, 1}	{11}	{9}	{1}	{5}	{5}	{5}	{1}	{2}	{1}	{0}	{6}	{5}	{2}	{0}	0	1	3	
{0}	{11}	{10}	{5}	{0, 1, 2, 3, 4, 5, 6, 7, 8}	{5}	{5}	{1}	{3}	{3}	{0}	{6}	{5}	{2}	{1}	0	0	1	
{0}	{0, 1, 2, 3, 4, 5, 6, 7, 8, 9, 10, 11, 12, 13, 14, 15, 16, 17, 18, 19, 20, 21, 22, 23, 24, 25, 26, 27, 28, 29}	{11}	{5}	{5}	{5}	{5}	{1}	{3}	{1}	{0, 1, 2, 3, 4, 5, 6, 7, 8}	{6}	{5}	{0}	{1}	0	0	1	
{0}	{12}	{0}	{6}	{6}	{6}	{6}	{1}	{3}	{0, 1, 2, 3, 4, 5, 6, 7, 8}	{0}	{7}	{6}	{2}	{0}	0	0	0	
{0}	{12}	{1}	{6}	{6}	{6}	{6}	{1}	{0, 1, 2, 3, 4, 5, 6, 7, 8, 9}	{1}	{0}	{7}	{6}	{4}	{0}	0	0	0	
{0}	{12}	{2}	{6}	{6}	{6}	{7}	{1}	{0}	{6}	{0, 1, 2, 3, 4, 5, 6, 7, 8}	{7}	{7}	{4}	{0}	0	0	0	
{0}	{12}	{3}	{6}	{7}	{7}	{7}	{1}	{0}	{0}	{0}	{8}	{7}	{4}	{0}	0	0	0	
{0}	{12}	{4}	{7}	{7}	{7}	{7}	{1}	{0}	{0}	{0}	{8}	{7}	{2}	{0, 1, 2, 3, 4, 5, 6, 7, 8, 9}	0	0	0	
{0}	{12}	{5}	{7}	{7}	{7}	{7}	{1}	{3}	{0}	{0}	{8}	{7}	{2}	{1}	0	0	0	
{0}	{12}	{6}	{7}	{7}	{7}	{7}	{1}	{3}	{1}	{0}	{0, 1, 2, 3, 4, 5, 6, 7, 8}	{7}	{1}	{1}	0	0	0	
{0}	{12}	{0, 1, 2, 3, 4, 5, 6, 7, 8, 9, 10, 11, 12, 13, 14, 15, 16, 17, 18, 19, 20, 21, 22, 23, 24}	{7}	{7}	{7}	{7}	{1}	{2}	{3}	{0}	{8}	{7}	{1}	{1}	0	0	0	
{0}	{12}	{8}	{0, 1, 2, 3, 4, 5, 6, 7, 8}	{0, 1, 2, 3, 4, 5, 6, 7, 8}	{7}	{7}	{0, 1, 2, 3, 4, 5, 6, 7, 8}	{2}	{0}	{0}	{8}	{7}	{0, 1, 2, 3, 4, 5, 6, 7, 8, 9}	{2}	0	0	0	
{0}	{12}	{9}	{7}	{7}	{7}	{7}	{1}	{3}	{3}	{0}	{8}	{6}	{0}	{2}	0	0	0	
{0}	{12}	{10}	{0, 1, 2, 3, 4, 5, 6, 7, 8}	{7}	{6}	{7}	{1}	{0, 1, 2, 3, 4, 5, 6, 7, 8, 9}	{3}	{0}	{0, 1, 2, 3, 4, 5, 6, 7, 8}	{7}	{4}	{2}	3	6	13	
{0}	{12}	{11}	{7}	{7}	{7}	{7}	{1}	{0, 1, 2, 3, 4, 5, 6, 7, 8, 9}	{1}	{0}	{8}	{7}	{2}	{2}	0	0	0	
{0}	{13}	{0}	{0}	{0, 1, 2, 3, 4, 5, 6, 7, 8}	{0}	{0}	{8}	{2}	{0}	{0, 1, 2, 3, 4, 5, 6, 7, 8}	{0, 1, 2, 3, 4, 5, 6, 7, 8}	{0}	{2}	{0, 1, 2, 3, 4, 5, 6, 7, 8, 9}	2	4	8	
{0}	{0, 1, 2, 3, 4, 5, 6, 7, 8, 9, 10, 11, 12, 13, 14, 15, 16, 17, 18, 19, 20, 21, 22, 23, 24, 25, 26, 27, 28, 29}	{1}	{0}	{0}	{0}	{0, 1, 2, 3, 4, 5, 6, 7, 8}	{0}	{3}	{1}	{8}	{0}	{0}	{1}	{0}	2	4	8	
{0}	{13}	{2}	{0, 1, 2, 3, 4, 5, 6, 7, 8}	{0}	{0}	{0}	{0}	{2}	{0}	{1}	{0}	{0}	{2}	{0}	2	4	8	
{0}	{13}	{3}	{0}	{0}	{0}	{0}	{8}	{3}	{3}	{1}	{0}	{0}	{2}	{0, 1, 2, 3, 4, 5, 6, 7, 8, 9}	2	4	9	
{0}	{13}	{4}	{0}	{0}	{0}	{0}	{0}	{3}	{0}	{8}	{0}	{0}	{2}	{1}	2	4	9	
{0}	{13}	{5}	{0}	{0}	{0}	{0}	{0}	{3}	{0}	{1}	{0}	{0}	{4}	{1}	2	4	9	
{0}	{13}	{6}	{0}	{0}	{0, 1, 2, 3, 4, 5, 6, 7, 8}	{0}	{0}	{0}	{0}	{1}	{0}	{0}	{1}	{1}	2	4	9	
{0}	{13}	{7}	{0}	{0}	{0}	{0}	{0}	{2}	{3}	{1}	{0, 1, 2, 3, 4, 5, 6, 7, 8}	{0}	{1}	{1}	2	4	9	
{0}	{13}	{8}	{0}	{0}	{0}	{0}	{0}	{2}	{0}	{1}	{0, 1, 2, 3, 4, 5, 6, 7, 8}	{0}	{0}	{2}	2	4	9	
{0}	{13}	{9}	{0}	{0}	{0}	{0}	{0}	{1}	{0}	{1}	{0}	{0}	{0}	{2}	2	4	8	
{0}	{13}	{10}	{0}	{0}	{0}	{0}	{8}	{1}	{3}	{1}	{0}	{0}	{4}	{2}	2	4	8	
{0}	{13}	{11}	{0}	{0, 1, 2, 3, 4, 5, 6, 7, 8}	{0}	{0, 1, 2, 3, 4, 5, 6, 7, 8}	{0}	{0}	{1}	{8}	{0}	{0}	{0}	{2}	2	4	8	
{0}	{14}	{0}	{2}	{2}	{2}	{2}	{1}	{3}	{0}	{0}	{2}	{2}	{2}	{2}	2	4	8	
{0}	{14}	{1}	{2}	{2}	{2}	{2}	{1}	{3}	{1}	{0}	{2}	{2}	{2}	{2}	2	4	8	
{0}	{14}	{2}	{2}	{2}	{2}	{2}	{0, 1, 2, 3, 4, 5, 6, 7, 8}	{3}	{3}	{0}	{2}	{2}	{0}	{2}	2	4	8	
{0}	{0, 1, 2, 3, 4, 5, 6, 7, 8, 9, 10, 11, 12, 13, 14, 15, 16, 17, 18, 19, 20, 21, 22, 23, 24, 25, 26, 27, 28, 29}	{3}	{2}	{2}	{2}	{2}	{1}	{1}	{2}	{0}	{2}	{2}	{2}	{0}	2	4	8	
{0}	{14}	{4}	{2}	{2}	{2}	{2}	{1}	{3}	{1}	{0}	{2}	{2}	{1}	{0}	2	4	8	
{0}	{14}	{5}	{2}	{2}	{2}	{2}	{1}	{2}	{1}	{0}	{2}	{2}	{2}	{0}	2	4	8	
{0}	{14}	{6}	{2}	{2}	{2}	{2}	{1}	{3}	{0, 1, 2, 3, 4, 5, 6, 7, 8}	{0}	{2}	{1}	{1}	{0}	2	4	8	
{0}	{14}	{7}	{2}	{2}	{2}	{2}	{1}	{2}	{3}	{0}	{2}	{2}	{2}	{0}	2	4	8	
{0}	{14}	{8}	{2}	{2}	{2}	{2}	{1}	{3}	{3}	{0}	{2}	{1}	{1}	{1}	2	5	11	
{0}	{14}	{9}	{2}	{2}	{2}	{2}	{1}	{2}	{0}	{0}	{2}	{1}	{1}	{1}	2	5	11	
{0}	{14}	{10}	{2}	{1}	{1}	{2}	{1}	{2}	{3}	{0}	{1}	{1}	{2}	{1}	2	5	11	
{0}	{14}	{11}	{1}	{1}	{2}	{2}	{1}	{3}	{1}	{0}	{1}	{1}	{2}	{2}	2	5	11	
{0}	{15}	{0}	{1}	{1}	{1}	{1}	{0}	{3}	{0}	{0}	{0, 1, 2, 3, 4, 5, 6, 7, 8}	{1}	{4}	{1}	3	6	12	
{0}	{15}	{1}	{1}	{0, 1, 2, 3, 4, 5, 6, 7, 8}	{1}	{1}	{1}	{0}	{1}	{1}	{1}	{1}	{2}	{1}	3	6	13	
{0}	{15}	{2}	{1}	{1}	{1}	{1}	{0}	{3}	{3}	{0}	{1}	{1}	{1}	{1}	3	6	13	
{0}	{15}	{0, 1, 2, 3, 4, 5, 6, 7, 8, 9, 10, 11, 12, 13, 14, 15, 16, 17, 18, 19, 20, 21, 22, 23, 24}	{1}	{1}	{1}	{1}	{0}	{2}	{0}	{1}	{1}	{1}	{2}	{2}	3	6	13	
{0}	{0, 1, 2, 3, 4, 5, 6, 7, 8, 9, 10, 11, 12, 13, 14, 15, 16, 17, 18, 19, 20, 21, 22, 23, 24, 25, 26, 27, 28, 29}	{4}	{1}	{1}	{1}	{1}	{1}	{3}	{0}	{1}	{1}	{1}	{4}	{2}	3	6	13	
{0}	{15}	{5}	{1}	{1}	{1}	{1}	{0}	{0}	{3}	{0}	{1}	{1}	{4}	{2}	3	6	13	
{0}	{15}	{6}	{1}	{1}	{1}	{1}	{0, 1, 2, 3, 4, 5, 6, 7, 8}	{0}	{0}	{1}	{0, 1, 2, 3, 4, 5, 6, 7, 8}	{1}	{1}	{2}	3	6	13	
{0}	{15}	{7}	{1}	{1}	{1}	{1}	{1}	{2}	{0}	{0}	{1}	{1}	{1}	{2}	3	6	13	
{0}	{15}	{8}	{1}	{1}	{1}	{1}	{1}	{2}	{0}	{0}	{1}	{1}	{2}	{0}	3	6	13	
{0}	{15}	{9}	{1}	{1}	{1}	{1}	{1}	{3}	{0, 1, 2, 3, 4, 5, 6, 7, 8}	{0}	{1}	{1}	{2}	{0}	3	6	13	
{0, 1}	{15}	{10}	{1}	{1}	{1}	{1}	{0}	{3}	{2}	{0}	{1}	{1}	{0, 1, 2, 3, 4, 5, 6, 7, 8, 9}	{0}	3	6	13	
{0}	{15}	{11}	{1}	{1}	{0, 1, 2, 3, 4, 5, 6, 7, 8}	{1}	{1}	{2}	{1}	{1}	{1}	{1}	{2}	{0}	3	6	13	
{0}	{16}	{0}	{5}	{5}	{5}	{5}	{1}	{2}	{0}	{0}	{6}	{5}	{2}	{1}	2	5	11	
{0}	{16}	{1}	{5}	{5}	{5}	{5}	{1}	{3}	{1}	{0, 1, 2, 3, 4, 5, 6, 7, 8}	{6}	{0, 1, 2, 3, 4, 5, 6, 7, 8}	{2}	{1}	2	5	11	
{0}	{16}	{2}	{5}	{5}	{5}	{5}	{1}	{3}	{2}	{0}	{6}	{5}	{1}	{0, 1, 2, 3, 4, 5, 6, 7, 8, 9}	2	5	11	
{0}	{16}	{3}	{5}	{5}	{0, 1, 2, 3, 4, 5, 6, 7, 8}	{5}	{1}	{2}	{3}	{0}	{6}	{5}	{2}	{2}	2	5	11	
{0}	{16}	{4}	{5}	{5}	{5}	{0, 1, 2, 3, 4, 5, 6, 7, 8}	{1}	{3}	{1}	{0}	{6}	{5}	{1}	{2}	2	5	11	
{0}	{16}	{5}	{5}	{5}	{5}	{5}	{1}	{2}	{2}	{0}	{6}	{5}	{2}	{2}	2	5	11	
{0}	{16}	{6}	{5}	{5}	{5}	{5}	{0, 1, 2, 3, 4, 5, 6, 7, 8}	{3}	{1}	{0}	{6}	{5}	{4}	{2}	2	5	11	
{0}	{16}	{7}	{5}	{5}	{5}	{5}	{1}	{0}	{3}	{0}	{6}	{5}	{1}	{0}	2	4	8	
{0}	{16}	{8}	{5}	{5}	{5}	{5}	{1}	{2}	{0}	{0}	{6}	{0, 1, 2, 3, 4, 5, 6, 7, 8}	{2}	{0}	2	4	8	
{0}	{16}	{9}	{5}	{5}	{5}	{5}	{1}	{3}	{1}	{0}	{6}	{5}	{1}	{0}	2	4	8	
{0}	{16}	{10}	{5}	{5}	{0, 1, 2, 3, 4, 5, 6, 7, 8}	{5}	{1}	{2}	{3}	{0}	{6}	{5}	{2}	{0}	2	5	11	
{0}	{16}	{11}	{5}	{0, 1, 2, 3, 4, 5, 6, 7, 8}	{5}	{5}	{1}	{3}	{0}	{0}	{6}	{5}	{2}	{0}	2	5	11	
{0}	{17}	{0}	{2}	{2}	{2}	{2}	{1}	{1}	{0}	{0}	{2}	{2}	{2}	{2}	3	7	14	
{0, 1}	{17}	{1}	{2}	{2}	{2}	{2}	{1}	{3}	{1}	{0}	{2}	{2}	{1}	{2}	3	7	14	
{0, 1}	{17}	{2}	{2}	{2}	{0, 1, 2, 3, 4, 5, 6, 7, 8}	{2}	{0, 1, 2, 3, 4, 5, 6, 7, 8}	{2}	{0}	{0}	{2}	{2}	{1}	{2}	3	7	14	
{0}	{17}	{3}	{2}	{2}	{2}	{2}	{1}	{0, 1, 2, 3, 4, 5, 6, 7, 8, 9}	{3}	{0}	{2}	{0, 1, 2, 3, 4, 5, 6, 7, 8}	{2}	{2}	3	7	14	
{0}	{17}	{4}	{2}	{2}	{2}	{2}	{1}	{3}	{0}	{0}	{0, 1, 2, 3, 4, 5, 6, 7, 8}	{2}	{2}	{2}	3	7	14	
{0}	{17}	{5}	{2}	{2}	{0, 1, 2, 3, 4, 5, 6, 7, 8}	{2}	{1}	{3}	{3}	{0}	{2}	{2}	{2}	{0}	3	7	14	
{0}	{17}	{6}	{2}	{2}	{2}	{0, 1, 2, 3, 4, 5, 6, 7, 8}	{1}	{3}	{1}	{0}	{2}	{2}	{2}	{0}	3	7	14	
{0}	{17}	{7}	{2}	{2}	{2}	{2}	{1}	{3}	{0}	{0}	{0, 1, 2, 3, 4, 5, 6, 7, 8}	{2}	{2}	{0}	3	7	14	
{0}	{17}	{8}	{2}	{2}	{2}	{2}	{1}	{3}	{2}	{0}	{2}	{2}	{1}	{0}	3	7	14	
{0}	{17}	{9}	{2}	{2}	{2}	{2}	{0, 1, 2, 3, 4, 5, 6, 7, 8}	{2}	{1}	{0}	{2}	{2}	{1}	{0}	3	7	14	
{0}	{17}	{10}	{0, 1, 2, 3, 4, 5, 6, 7, 8}	{2}	{2}	{2}	{1}	{2}	{3}	{0}	{2}	{2}	{0, 1, 2, 3, 4, 5, 6, 7, 8, 9}	{0, 1, 2, 3, 4, 5, 6, 7, 8, 9}	3	7	14	
{0}	{17}	{11}	{2}	{2}	{2}	{2}	{1}	{0}	{1}	{0}	{2}	{2}	{4}	{1}	3	7	14	
{0}	{18}	{0}	{4}	{8}	{8}	{2}	{1}	{1}	{0}	{0}	{2}	{2}	{1}	{2}	2	4	9	
{0}	{18}	{1}	{2}	{2}	{2}	{2}	{1}	{2}	{1}	{0}	{2}	{2}	{2}	{2}	2	4	9	
{0}	{18}	{2}	{2}	{2}	{8}	{8}	{1}	{0, 1, 2, 3, 4, 5, 6, 7, 8, 9}	{0}	{0}	{2}	{2}	{1}	{2}	2	4	9	
{0}	{0, 1, 2, 3, 4, 5, 6, 7, 8, 9, 10, 11, 12, 13, 14, 15, 16, 17, 18, 19, 20, 21, 22, 23, 24, 25, 26, 27, 28, 29}	{3}	{2}	{2}	{2}	{2}	{1}	{0, 1, 2, 3, 4, 5, 6, 7, 8, 9}	{3}	{0}	{2}	{2}	{2}	{0}	2	4	9	
{0}	{18}	{4}	{2}	{2}	{2}	{2}	{1}	{3}	{0}	{0}	{2}	{8}	{4}	{0}	2	4	9	
{0}	{18}	{5}	{2}	{8}	{2}	{8}	{1}	{0}	{0, 1, 2, 3, 4, 5, 6, 7, 8}	{0}	{5}	{8}	{2}	{0, 1, 2, 3, 4, 5, 6, 7, 8, 9}	2	4	9	
{0}	{18}	{6}	{4}	{8}	{8}	{8}	{1}	{3}	{1}	{0}	{5}	{2}	{1}	{0}	2	4	9	
{0}	{18}	{7}	{4}	{8}	{8}	{2}	{1}	{2}	{2}	{0}	{2}	{2}	{2}	{0}	2	4	9	
{0}	{18}	{8}	{2}	{8}	{8}	{8}	{1}	{3}	{3}	{0}	{5}	{8}	{2}	{1}	2	4	9	
{0}	{18}	{9}	{4}	{8}	{8}	{8}	{1}	{3}	{0}	{0}	{0, 1, 2, 3, 4, 5, 6, 7, 8}	{2}	{0}	{1}	2	4	9	
{0}	{18}	{10}	{4}	{8}	{2}	{2}	{1}	{1}	{3}	{0}	{2}	{2}	{4}	{1}	2	4	9	
{0}	{18}	{0, 1, 2, 3, 4, 5, 6, 7, 8, 9, 10, 11, 12, 13, 14, 15, 16, 17, 18, 19, 20, 21, 22, 23, 24}	{2}	{0, 1, 2, 3, 4, 5, 6, 7, 8}	{8}	{8}	{1}	{0}	{0, 1, 2, 3, 4, 5, 6, 7, 8}	{0}	{0, 1, 2, 3, 4, 5, 6, 7, 8}	{2}	{2}	{2}	2	4	9	
{0}	{19}	{0}	{4}	{8}	{8}	{8}	{1}	{0, 1, 2, 3, 4, 5, 6, 7, 8, 9}	{0}	{0}	{5}	{8}	{4}	{2}	3	6	12	
{0, 1}	{19}	{1}	{4}	{8}	{8}	{8}	{1}	{0}	{1}	{0}	{5}	{8}	{2}	{0}	3	6	12	
{0}	{19}	{2}	{4}	{8}	{8}	{8}	{1}	{3}	{0}	{0}	{5}	{8}	{1}	{0}	3	6	12	
{0}	{19}	{3}	{4}	{8}	{8}	{8}	{1}	{2}	{6}	{0}	{5}	{8}	{2}	{0}	3	6	12	
{0}	{19}	{4}	{4}	{8}	{8}	{8}	{1}	{3}	{1}	{0}	{5}	{8}	{4}	{0}	3	6	12	
{0}	{19}	{5}	{4}	{8}	{8}	{3}	{1}	{0}	{0}	{0}	{3}	{0, 1, 2, 3, 4, 5, 6, 7, 8}	{2}	{0}	3	6	12	
{0}	{19}	{0, 1, 2, 3, 4, 5, 6, 7, 8, 9, 10, 11, 12, 13, 14, 15, 16, 17, 18, 19, 20, 21, 22, 23, 24}	{3}	{0, 1, 2, 3, 4, 5, 6, 7, 8}	{3}	{3}	{1}	{3}	{0}	{0}	{3}	{8}	{1}	{1}	3	6	12	
{0}	{19}	{7}	{3}	{3}	{3}	{8}	{1}	{2}	{3}	{0}	{3}	{8}	{2}	{1}	3	6	12	
{0}	{19}	{8}	{0, 1, 2, 3, 4, 5, 6, 7, 8}	{3}	{3}	{3}	{1}	{3}	{0}	{0}	{3}	{8}	{1}	{1}	3	6	12	
{0}	{19}	{9}	{3}	{3}	{3}	{3}	{1}	{2}	{0}	{0}	{5}	{8}	{1}	{1}	3	6	12	
{0}	{19}	{10}	{4}	{8}	{8}	{8}	{1}	{2}	{3}	{0}	{5}	{8}	{2}	{0, 1, 2, 3, 4, 5, 6, 7, 8, 9}	3	6	12	
{0}	{19}	{11}	{4}	{3}	{3}	{3}	{1}	{3}	{1}	{0}	{3}	{0, 1, 2, 3, 4, 5, 6, 7, 8}	{2}	{2}	3	6	12	
{0}	{20}	{0}	{5}	{5}	{0, 1, 2, 3, 4, 5, 6, 7, 8}	{5}	{1}	{0}	{0}	{0}	{6}	{5}	{8}	{2}	2	5	10	
{0}	{20}	{1}	{5}	{5}	{5}	{5}	{1}	{8}	{3}	{0}	{6}	{5}	{1}	{2}	2	5	10	
{0}	{20}	{2}	{5}	{5}	{5}	{5}	{1}	{2}	{3}	{0}	{6}	{5}	{1}	{2}	2	5	10	
{0}	{20}	{3}	{5}	{5}	{5}	{5}	{1}	{2}	{0}	{0}	{6}	{5}	{1}	{2}	1	3	7	
{0}	{20}	{4}	{5}	{5}	{5}	{5}	{1}	{2}	{0}	{0, 1, 2, 3, 4, 5, 6, 7, 8}	{6}	{5}	{2}	{2}	1	3	7	
{0}	{20}	{5}	{5}	{5}	{5}	{5}	{1}	{3}	{1}	{0}	{6}	{5}	{1}	{0}	1	3	7	
{0}	{20}	{6}	{5}	{5}	{5}	{5}	{1}	{2}	{0}	{0}	{6}	{5}	{1}	{0}	1	3	7	
{0}	{0, 1, 2, 3, 4, 5, 6, 7, 8, 9, 10, 11, 12, 13, 14, 15, 16, 17, 18, 19, 20, 21, 22, 23, 24, 25, 26, 27, 28, 29}	{7}	{5}	{5}	{5}	{5}	{1}	{2}	{0}	{0}	{6}	{5}	{4}	{0}	1	3	7	
{0}	{20}	{8}	{5}	{5}	{5}	{5}	{1}	{0}	{5}	{0}	{0, 1, 2, 3, 4, 5, 6, 7, 8}	{5}	{1}	{0}	1	3	7	
{0}	{20}	{9}	{5}	{5}	{5}	{5}	{1}	{0, 1, 2, 3, 4, 5, 6, 7, 8, 9}	{1}	{0}	{6}	{5}	{1}	{0}	1	3	7	
{0}	{20}	{10}	{5}	{0, 1, 2, 3, 4, 5, 6, 7, 8}	{5}	{5}	{1}	{2}	{0}	{0}	{6}	{5}	{2}	{1}	1	3	7	
{0}	{20}	{11}	{5}	{5}	{5}	{5}	{1}	{3}	{1}	{0, 1, 2, 3, 4, 5, 6, 7, 8}	{6}	{5}	{2}	{1}	1	3	7	
{0}	{21}	{0}	{5}	{5}	{5}	{5}	{8}	{0, 1, 2, 3, 4, 5, 6, 7, 8, 9}	{0}	{0}	{6}	{5}	{2}	{2}	3	6	13	
{0}	{21}	{1}	{5}	{5}	{5}	{5}	{0}	{3}	{1}	{8}	{6}	{5}	{1}	{0}	3	6	13	
{0}	{21}	{2}	{5}	{5}	{5}	{5}	{0}	{2}	{0}	{1}	{6}	{5}	{1}	{0}	3	6	12	
{0}	{21}	{3}	{5}	{5}	{5}	{5}	{6}	{2}	{5}	{1}	{6}	{5}	{2}	{0}	3	6	12	
{0}	{21}	{0, 1, 2, 3, 4, 5, 6, 7, 8, 9, 10, 11, 12, 13, 14, 15, 16, 17, 18, 19, 20, 21, 22, 23, 24}	{5}	{5}	{5}	{5}	{0}	{0, 1, 2, 3, 4, 5, 6, 7, 8, 9}	{1}	{6}	{6}	{5}	{1}	{0}	3	6	12	
{0}	{21}	{5}	{5}	{5}	{5}	{5}	{8}	{2}	{0}	{1}	{6}	{5}	{1}	{0}	3	6	12	
{0}	{21}	{6}	{5}	{5}	{5}	{5}	{0}	{2}	{1}	{8}	{6}	{0}	{1}	{1}	3	6	12	
{0}	{0, 1, 2, 3, 4, 5, 6, 7, 8, 9, 10, 11, 12, 13, 14, 15, 16, 17, 18, 19, 20, 21, 22, 23, 24, 25, 26, 27, 28, 29}	{7}	{5}	{0}	{5}	{5}	{0}	{2}	{0}	{1}	{6}	{0}	{0}	{1}	3	6	12	
{0}	{21}	{8}	{0}	{0, 1, 2, 3, 4, 5, 6, 7, 8}	{0}	{0}	{8}	{1}	{3}	{1}	{0}	{0}	{1}	{1}	3	6	12	
{0}	{21}	{9}	{0}	{0}	{0}	{0}	{0}	{2}	{0}	{8}	{0}	{0}	{1}	{2}	3	6	12	
{0}	{21}	{10}	{0}	{0}	{0}	{0}	{8}	{2}	{3}	{0, 1, 2, 3, 4, 5, 6, 7, 8}	{0}	{0}	{2}	{0, 1, 2, 3, 4, 5, 6, 7, 8, 9}	3	7	15	
{0}	{21}	{11}	{0}	{0, 1, 2, 3, 4, 5, 6, 7, 8}	{0}	{0}	{0}	{3}	{1}	{8}	{0}	{0, 1, 2, 3, 4, 5, 6, 7, 8}	{1}	{2}	3	6	12	
{0}	{22}	{0}	{0}	{0}	{0}	{0}	{8}	{0}	{0}	{0, 1, 2, 3, 4, 5, 6, 7, 8}	{0}	{0}	{2}	{0}	2	5	10	
{0}	{22}	{1}	{0}	{0, 1, 2, 3, 4, 5, 6, 7, 8}	{0}	{0}	{0}	{0, 1, 2, 3, 4, 5, 6, 7, 8, 9}	{1}	{8}	{0}	{0}	{2}	{0}	2	5	10	
{0}	{22}	{2}	{0}	{0}	{0}	{0}	{0}	{0, 1, 2, 3, 4, 5, 6, 7, 8, 9}	{1}	{1}	{0}	{0}	{1}	{0}	2	5	10	
{0}	{22}	{3}	{0}	{0}	{0}	{0}	{0}	{2}	{2}	{1}	{0}	{0}	{3}	{0}	2	5	10	
{0}	{22}	{0, 1, 2, 3, 4, 5, 6, 7, 8, 9, 10, 11, 12, 13, 14, 15, 16, 17, 18, 19, 20, 21, 22, 23, 24}	{0}	{0}	{0}	{0}	{8}	{4}	{3}	{1}	{0}	{0}	{1}	{0, 1, 2, 3, 4, 5, 6, 7, 8, 9}	2	5	10	
{0}	{22}	{0, 1, 2, 3, 4, 5, 6, 7, 8, 9, 10, 11, 12, 13, 14, 15, 16, 17, 18, 19, 20, 21, 22, 23, 24}	{0}	{0}	{0, 1, 2, 3, 4, 5, 6, 7, 8}	{0}	{0}	{2}	{1}	{8}	{0}	{0}	{2}	{1}	2	5	10	
{0}	{22}	{6}	{0}	{0}	{0}	{0}	{1}	{3}	{0}	{1}	{0}	{0}	{2}	{1}	2	5	10	
{0}	{22}	{7}	{0, 1, 2, 3, 4, 5, 6, 7, 8}	{0}	{0}	{0}	{0}	{3}	{0}	{0}	{0}	{0}	{4}	{1}	2	5	10	
{0}	{22}	{8}	{0}	{0}	{0}	{0}	{0}	{0}	{3}	{1}	{0}	{0}	{1}	{1}	2	5	10	
{0}	{22}	{9}	{0}	{0}	{0}	{0}	{0}	{2}	{1}	{1}	{0}	{0}	{4}	{2}	2	5	10	
{0}	{22}	{10}	{0}	{0, 1, 2, 3, 4, 5, 6, 7, 8}	{0}	{0}	{6}	{0}	{6}	{1}	{0}	{0}	{2}	{2}	2	5	11	
{0}	{22}	{11}	{0}	{0}	{0}	{0}	{0}	{0, 1, 2, 3, 4, 5, 6, 7, 8, 9}	{1}	{6}	{0}	{0}	{2}	{2}	2	5	11	
{0}	{23}	{0}	{2}	{2}	{2}	{2}	{1}	{3}	{0}	{0}	{2}	{2}	{2}	{0}	3	7	14	
{0}	{23}	{1}	{2}	{2}	{2}	{2}	{0, 1, 2, 3, 4, 5, 6, 7, 8}	{3}	{0, 1, 2, 3, 4, 5, 6, 7, 8}	{0}	{2}	{2}	{0, 1, 2, 3, 4, 5, 6, 7, 8, 9}	{0}	3	7	14	
{0}	{23}	{2}	{2}	{2}	{2}	{2}	{1}	{3}	{0}	{0}	{2}	{0, 1, 2, 3, 4, 5, 6, 7, 8}	{1}	{1}	2	4	9	
{0, 1}	{23}	{3}	{2}	{2}	{0, 1, 2, 3, 4, 5, 6, 7, 8}	{2}	{1}	{2}	{3}	{0, 1, 2, 3, 4, 5, 6, 7, 8}	{2}	{2}	{1}	{1}	2	4	9	
{0}	{23}	{0, 1, 2, 3, 4, 5, 6, 7, 8, 9, 10, 11, 12, 13, 14, 15, 16, 17, 18, 19, 20, 21, 22, 23, 24}	{2}	{2}	{2}	{2}	{1}	{2}	{0}	{0}	{2}	{2}	{2}	{1}	2	4	9	
{0}	{23}	{5}	{2}	{2}	{2}	{2}	{1}	{3}	{0}	{0}	{2}	{2}	{1}	{1}	2	4	9	
{0}	{23}	{6}	{2}	{2}	{2}	{2}	{1}	{2}	{1}	{0}	{2}	{2}	{1}	{1}	2	4	9	
{0}	{23}	{7}	{2}	{2}	{2}	{2}	{1}	{2}	{3}	{0}	{2}	{2}	{1}	{2}	2	4	9	
{0}	{23}	{8}	{2}	{2}	{0, 1, 2, 3, 4, 5, 6, 7, 8}	{2}	{1}	{2}	{3}	{0}	{2}	{2}	{1}	{2}	2	4	8	
{0, 1}	{23}	{9}	{2}	{2}	{2}	{2}	{1}	{2}	{0}	{0}	{2}	{2}	{1}	{2}	2	4	8	
{0}	{23}	{10}	{2}	{2}	{2}	{2}	{1}	{2}	{3}	{0}	{0, 1, 2, 3, 4, 5, 6, 7, 8}	{2}	{2}	{2}	2	4	8	
{0}	{23}	{11}	{2}	{2}	{2}	{2}	{1}	{3}	{1}	{0}	{2}	{2}	{2}	{0}	2	4	8	
{0}	{24}	{0}	{5}	{5}	{5}	{5}	{0}	{1}	{0}	{0}	{6}	{5}	{1}	{0}	1	2	5	
{0}	{24}	{1}	{5}	{5}	{5}	{5}	{0}	{2}	{0}	{1}	{6}	{5}	{1}	{0}	1	2	5	
{0}	{24}	{2}	{5}	{5}	{5}	{5}	{1}	{2}	{1}	{1}	{6}	{5}	{0}	{0, 1, 2, 3, 4, 5, 6, 7, 8, 9}	1	2	5	
{0}	{24}	{3}	{5}	{5}	{5}	{5}	{0, 1, 2, 3, 4, 5, 6, 7, 8}	{1}	{3}	{0}	{6}	{5}	{2}	{0}	1	2	5	
{0}	{24}	{4}	{5}	{5}	{0, 1, 2, 3, 4, 5, 6, 7, 8}	{5}	{1}	{3}	{1}	{1}	{6}	{5}	{2}	{0}	1	2	5	
{0}	{24}	{5}	{5}	{5}	{5}	{5}	{1}	{3}	{0}	{0}	{6}	{5}	{2}	{2}	1	2	5	
{0}	{24}	{6}	{5}	{5}	{5}	{5}	{1}	{3}	{0, 1, 2, 3, 4, 5, 6, 7, 8}	{0}	{6}	{5}	{1}	{2}	1	2	5	
{0}	{24}	{7}	{5}	{5}	{5}	{5}	{1}	{2}	{0}	{0}	{6}	{5}	{1}	{2}	1	2	5	
{0}	{24}	{8}	{5}	{5}	{5}	{5}	{1}	{2}	{0, 1, 2, 3, 4, 5, 6, 7, 8}	{0}	{6}	{5}	{0, 1, 2, 3, 4, 5, 6, 7, 8, 9}	{0}	1	2	5	
{0}	{24}	{9}	{5}	{5}	{5}	{5}	{1}	{0, 1, 2, 3, 4, 5, 6, 7, 8, 9}	{3}	{0}	{6}	{5}	{1}	{0}	1	2	5	
{0}	{24}	{10}	{5}	{5}	{5}	{5}	{1}	{2}	{0}	{0}	{6}	{5}	{2}	{0}	1	2	5	
{0}	{24}	{11}	{5}	{5}	{5}	{5}	{0}	{0, 1, 2, 3, 4, 5, 6, 7, 8, 9}	{0}	{0}	{6}	{5}	{3}	{0}	1	2	5	
{0}	{25}	{0}	{0, 1, 2, 3, 4, 5, 6, 7, 8}	{1}	{1}	{1}	{1}	{1}	{0}	{0}	{1}	{1}	{4}	{2}	3	7	15	
{0}	{25}	{1}	{1}	{1}	{1}	{1}	{1}	{0}	{1}	{0}	{1}	{1}	{2}	{2}	3	7	15	
{0}	{25}	{2}	{1}	{1}	{1}	{1}	{1}	{3}	{0}	{0}	{1}	{1}	{2}	{2}	3	7	15	
{0}	{25}	{3}	{1}	{0, 1, 2, 3, 4, 5, 6, 7, 8}	{1}	{1}	{1}	{3}	{5}	{0}	{1}	{1}	{4}	{2}	3	7	15	
{0}	{25}	{4}	{1}	{1}	{1}	{1}	{0, 1, 2, 3, 4, 5, 6, 7, 8}	{0}	{0}	{0}	{1}	{1}	{4}	{0}	3	6	12	
{0}	{25}	{5}	{1}	{1}	{1}	{2}	{1}	{0}	{1}	{0}	{1}	{2}	{4}	{0}	3	6	12	
{0}	{25}	{6}	{1}	{2}	{2}	{2}	{1}	{0}	{1}	{0}	{2}	{1}	{1}	{0, 1, 2, 3, 4, 5, 6, 7, 8, 9}	3	6	12	
{0}	{25}	{7}	{2}	{2}	{2}	{2}	{1}	{2}	{3}	{0}	{2}	{1}	{1}	{0}	3	6	12	
{0}	{25}	{8}	{2}	{0, 1, 2, 3, 4, 5, 6, 7, 8}	{2}	{2}	{1}	{2}	{0}	{0, 1, 2, 3, 4, 5, 6, 7, 8}	{2}	{1}	{1}	{0}	3	6	12	
{0}	{25}	{9}	{2}	{2}	{2}	{2}	{1}	{2}	{0}	{0}	{1}	{1}	{1}	{1}	3	7	15	
{0}	{25}	{10}	{1}	{1}	{1}	{1}	{1}	{2}	{2}	{0}	{1}	{1}	{2}	{1}	3	7	15	
{0}	{25}	{11}	{1}	{1}	{2}	{2}	{1}	{3}	{1}	{0}	{2}	{1}	{2}	{1}	3	7	15	
{0}	{26}	{0}	{4}	{8}	{8}	{8}	{0, 1, 2, 3, 4, 5, 6, 7, 8}	{3}	{0}	{0}	{5}	{8}	{2}	{0, 1, 2, 3, 4, 5, 6, 7, 8, 9}	3	6	13	
{0}	{26}	{1}	{4}	{8}	{8}	{8}	{1}	{3}	{0}	{0}	{5}	{8}	{2}	{0}	3	6	13	
{0}	{0, 1, 2, 3, 4, 5, 6, 7, 8, 9, 10, 11, 12, 13, 14, 15, 16, 17, 18, 19, 20, 21, 22, 23, 24, 25, 26, 27, 28, 29}	{2}	{4}	{8}	{0, 1, 2, 3, 4, 5, 6, 7, 8}	{8}	{1}	{3}	{3}	{0, 1, 2, 3, 4, 5, 6, 7, 8}	{5}	{8}	{2}	{0}	3	6	13	
{0}	{26}	{3}	{4}	{8}	{8}	{8}	{1}	{3}	{3}	{0}	{5}	{8}	{2}	{0}	3	6	13	
{0}	{26}	{4}	{4}	{8}	{8}	{8}	{1}	{3}	{1}	{0}	{5}	{0, 1, 2, 3, 4, 5, 6, 7, 8}	{4}	{0}	3	6	13	
{0}	{26}	{5}	{4}	{8}	{8}	{8}	{1}	{0}	{0}	{0}	{5}	{8}	{2}	{0}	3	6	13	
{0}	{26}	{6}	{4}	{8}	{8}	{8}	{1}	{3}	{1}	{0}	{5}	{8}	{1}	{1}	3	6	13	
{0}	{26}	{7}	{4}	{8}	{8}	{8}	{1}	{2}	{3}	{0}	{5}	{8}	{1}	{1}	3	6	12	
{0}	{26}	{8}	{4}	{8}	{8}	{8}	{1}	{2}	{3}	{0}	{5}	{8}	{1}	{1}	3	6	12	
{0}	{26}	{9}	{4}	{8}	{8}	{8}	{1}	{2}	{0}	{0}	{5}	{8}	{1}	{1}	3	6	12	
{0}	{26}	{10}	{4}	{8}	{8}	{8}	{1}	{2}	{3}	{0}	{5}	{8}	{4}	{2}	3	6	12	
{0}	{26}	{11}	{4}	{8}	{8}	{8}	{1}	{0}	{1}	{0}	{5}	{8}	{2}	{2}	3	6	12	
{0}	{27}	{0}	{5}	{5}	{5}	{5}	{1}	{2}	{0}	{0}	{6}	{5}	{0}	{1}	1	2	4	
{0}	{27}	{1}	{5}	{5}	{5}	{5}	{1}	{1}	{0}	{0}	{6}	{0, 1, 2, 3, 4, 5, 6, 7, 8}	{1}	{1}	1	2	4	
{0}	{27}	{2}	{5}	{5}	{5}	{5}	{1}	{2}	{0}	{0}	{6}	{5}	{2}	{1}	1	2	4	
{0}	{0, 1, 2, 3, 4, 5, 6, 7, 8, 9, 10, 11, 12, 13, 14, 15, 16, 17, 18, 19, 20, 21, 22, 23, 24, 25, 26, 27, 28, 29}	{3}	{5}	{5}	{5}	{5}	{1}	{3}	{0}	{0}	{6}	{5}	{2}	{1}	1	2	4	
{0}	{27}	{4}	{5}	{5}	{5}	{5}	{1}	{3}	{1}	{0}	{6}	{5}	{2}	{2}	1	2	4	
{0}	{27}	{5}	{5}	{5}	{5}	{5}	{1}	{3}	{0}	{0}	{6}	{5}	{2}	{2}	1	2	4	
{0}	{27}	{6}	{5}	{5}	{5}	{5}	{1}	{3}	{0}	{0}	{0, 1, 2, 3, 4, 5, 6, 7, 8}	{5}	{1}	{2}	1	2	4	
{0}	{27}	{7}	{5}	{5}	{5}	{5}	{1}	{2}	{0}	{0}	{6}	{5}	{2}	{2}	1	2	4	
{0, 1}	{27}	{8}	{5}	{5}	{5}	{5}	{1}	{3}	{3}	{0}	{6}	{5}	{1}	{0}	1	2	4	
{0}	{27}	{9}	{5}	{5}	{5}	{5}	{1}	{2}	{0}	{0}	{6}	{5}	{2}	{0, 1, 2, 3, 4, 5, 6, 7, 8, 9}	1	2	4	
{0}	{27}	{0, 1, 2, 3, 4, 5, 6, 7, 8, 9, 10, 11, 12, 13, 14, 15, 16, 17, 18, 19, 20, 21, 22, 23, 24}	{5}	{5}	{5}	{5}	{1}	{3}	{2}	{0}	{6}	{5}	{2}	{0}	1	2	4	
{0}	{27}	{11}	{5}	{5}	{5}	{5}	{0, 1, 2, 3, 4, 5, 6, 7, 8}	{3}	{1}	{0}	{6}	{5}	{4}	{0}	1	2	4	
{0}	{28}	{0}	{1}	{1}	{1}	{1}	{1}	{2}	{0}	{0}	{1}	{0, 1, 2, 3, 4, 5, 6, 7, 8}	{2}	{2}	3	7	15	
{0}	{28}	{1}	{1}	{1}	{1}	{1}	{1}	{3}	{1}	{0}	{1}	{1}	{2}	{2}	3	7	15	
{0}	{28}	{2}	{1}	{1}	{1}	{1}	{1}	{3}	{0}	{0}	{1}	{1}	{4}	{2}	3	7	15	
{0}	{28}	{3}	{1}	{1}	{1}	{1}	{1}	{0}	{3}	{0}	{1}	{1}	{1}	{2}	3	7	15	
{0}	{28}	{4}	{1}	{1}	{1}	{1}	{1}	{2}	{0}	{0}	{1}	{1}	{1}	{0}	3	7	15	
{0}	{28}	{5}	{1}	{1}	{1}	{1}	{1}	{2}	{0}	{0}	{1}	{1}	{2}	{0}	3	7	15	
{0}	{28}	{6}	{1}	{1}	{1}	{1}	{1}	{3}	{0}	{0}	{1}	{1}	{0}	{0}	3	7	15	
{0}	{28}	{7}	{1}	{1}	{1}	{1}	{1}	{1}	{2}	{0}	{1}	{0, 1, 2, 3, 4, 5, 6, 7, 8}	{2}	{0}	3	7	14	
{0}	{28}	{8}	{1}	{1}	{1}	{1}	{1}	{3}	{0}	{0}	{1}	{1}	{2}	{0}	3	7	15	
{0}	{28}	{9}	{0, 1, 2, 3, 4, 5, 6, 7, 8}	{1}	{1}	{1}	{1}	{3}	{0}	{0}	{1}	{1}	{1}	{2}	3	7	15	
{0}	{28}	{10}	{1}	{1}	{1}	{1}	{1}	{2}	{0}	{0}	{1}	{0, 1, 2, 3, 4, 5, 6, 7, 8}	{2}	{2}	3	7	14	
{0}	{28}	{11}	{1}	{1}	{1}	{1}	{1}	{3}	{0}	{0}	{1}	{1}	{1}	{2}	3	7	15	
{0}	{29}	{0}	{2}	{2}	{8}	{8}	{1}	{0}	{0}	{0}	{2}	{8}	{4}	{2}	3	6	12	
{0}	{29}	{1}	{2}	{8}	{8}	{8}	{1}	{0}	{1}	{0}	{5}	{8}	{2}	{2}	3	6	13	
{0}	{29}	{2}	{4}	{8}	{8}	{8}	{1}	{3}	{3}	{0}	{5}	{8}	{2}	{2}	3	6	13	
{0}	{29}	{3}	{4}	{8}	{8}	{8}	{1}	{3}	{0}	{0}	{5}	{8}	{4}	{0}	3	6	13	
{0, 1}	{29}	{4}	{4}	{8}	{8}	{0, 1, 2, 3, 4, 5, 6, 7, 8}	{1}	{0}	{0}	{0}	{5}	{8}	{1}	{0}	3	6	13	
{0}	{29}	{5}	{4}	{8}	{8}	{8}	{1}	{2}	{1}	{0}	{5}	{8}	{4}	{0}	3	6	13	
{0}	{0, 1, 2, 3, 4, 5, 6, 7, 8, 9, 10, 11, 12, 13, 14, 15, 16, 17, 18, 19, 20, 21, 22, 23, 24, 25, 26, 27, 28, 29}	{6}	{4}	{8}	{8}	{8}	{1}	{0}	{0}	{0}	{5}	{8}	{2}	{0}	3	6	13	
{0}	{29}	{7}	{4}	{8}	{8}	{8}	{1}	{3}	{3}	{0}	{5}	{8}	{1}	{0}	3	6	13	
{0}	{29}	{8}	{4}	{8}	{8}	{8}	{1}	{2}	{0}	{0}	{5}	{8}	{0}	{1}	3	6	13	
{0, 1}	{29}	{9}	{4}	{8}	{8}	{8}	{1}	{1}	{0, 1, 2, 3, 4, 5, 6, 7, 8}	{0}	{5}	{8}	{1}	{2}	3	6	12	
{0}	{29}	{0, 1, 2, 3, 4, 5, 6, 7, 8, 9, 10, 11, 12, 13, 14, 15, 16, 17, 18, 19, 20, 21, 22, 23, 24}	{4}	{8}	{0, 1, 2, 3, 4, 5, 6, 7, 8}	{8}	{1}	{2}	{3}	{0}	{5}	{8}	{2}	{2}	3	6	12	
{0}	{29}	{11}	{4}	{8}	{8}	{8}	{1}	{3}	{1}	{0}	{5}	{8}	{2}	{2}	3	6	13	
{1}	{0}	{12}	{0}	{0}	{0}	{0}	{1}	{3}	{0}	{0}	{0}	{0}	{4}	{2}	0	1	3	
{1}	{0}	{13}	{0}	{0}	{0}	{0}	{1}	{0}	{3}	{0}	{0}	{0}	{8}	{2}	0	1	3	
{1}	{0}	{14}	{0}	{0}	{0}	{0}	{0}	{8}	{2}	{0}	{0}	{0, 1, 2, 3, 4, 5, 6, 7, 8}	{4}	{0}	0	1	3	
{0, 1}	{0}	{15}	{0}	{0}	{0}	{0}	{1}	{0}	{1}	{1}	{0}	{0}	{0, 1, 2, 3, 4, 5, 6, 7, 8, 9}	{0}	0	1	3	
{1}	{0}	{16}	{0}	{0}	{0}	{0}	{1}	{3}	{0}	{0}	{0}	{0}	{1}	{0}	0	1	3	
{1}	{0}	{17}	{0}	{0}	{0}	{0}	{0, 1, 2, 3, 4, 5, 6, 7, 8}	{2}	{6}	{0}	{0}	{0}	{1}	{0}	0	1	3	
{1}	{0}	{18}	{0, 1, 2, 3, 4, 5, 6, 7, 8}	{0}	{0}	{0}	{1}	{2}	{1}	{0, 1, 2, 3, 4, 5, 6, 7, 8}	{0}	{0}	{0}	{1}	0	1	3	
{1}	{0}	{19}	{0}	{0}	{0}	{0}	{0, 1, 2, 3, 4, 5, 6, 7, 8}	{1}	{0}	{0}	{0, 1, 2, 3, 4, 5, 6, 7, 8}	{0}	{4}	{1}	0	1	3	
{1}	{0}	{0, 1, 2, 3, 4, 5, 6, 7, 8, 9, 10, 11, 12, 13, 14, 15, 16, 17, 18, 19, 20, 21, 22, 23, 24}	{0}	{0, 1, 2, 3, 4, 5, 6, 7, 8}	{0}	{0}	{1}	{0}	{1}	{0}	{0}	{0}	{0}	{1}	0	1	3	
{1}	{0}	{0, 1, 2, 3, 4, 5, 6, 7, 8, 9, 10, 11, 12, 13, 14, 15, 16, 17, 18, 19, 20, 21, 22, 23, 24}	{0}	{0}	{0}	{0}	{1}	{0, 1, 2, 3, 4, 5, 6, 7, 8, 9}	{0}	{0}	{0}	{0}	{0}	{2}	0	1	3	
{1}	{0}	{22}	{0}	{0}	{0}	{0}	{1}	{1}	{3}	{0}	{0}	{0}	{0}	{2}	0	1	3	
{1}	{0}	{23}	{0}	{0}	{0}	{0}	{1}	{1}	{3}	{0}	{0}	{0, 1, 2, 3, 4, 5, 6, 7, 8}	{4}	{2}	0	1	3	
{1}	{0}	{24}	{0}	{0}	{0}	{0}	{1}	{0, 1, 2, 3, 4, 5, 6, 7, 8, 9}	{0}	{0}	{0}	{0}	{3}	{2}	0	1	3	
{1}	{1}	{12}	{1}	{1}	{1}	{1}	{1}	{2}	{0}	{0}	{1}	{1}	{2}	{0}	0	0	0	
{1}	{1}	{13}	{1}	{1}	{1}	{1}	{1}	{0, 1, 2, 3, 4, 5, 6, 7, 8, 9}	{0}	{0}	{1}	{1}	{2}	{1}	0	0	0	
{1}	{1}	{14}	{1}	{1}	{0, 1, 2, 3, 4, 5, 6, 7, 8}	{1}	{1}	{3}	{0}	{0}	{1}	{1}	{4}	{1}	0	0	0	
{1}	{1}	{15}	{1}	{1}	{1}	{1}	{1}	{0, 1, 2, 3, 4, 5, 6, 7, 8, 9}	{0}	{0}	{1}	{1}	{4}	{1}	0	0	1	
{1}	{1}	{16}	{1}	{1}	{1}	{1}	{1}	{0}	{3}	{0}	{1}	{1}	{2}	{2}	0	0	1	
{1}	{1}	{17}	{1}	{1}	{1}	{1}	{1}	{0, 1, 2, 3, 4, 5, 6, 7, 8, 9}	{3}	{0}	{1}	{1}	{1}	{2}	0	0	1	
{1}	{1}	{18}	{1}	{1}	{1}	{1}	{1}	{2}	{0}	{0}	{1}	{1}	{4}	{2}	0	0	1	
{1}	{1}	{19}	{1}	{1}	{1}	{1}	{1}	{0}	{0}	{0}	{1}	{1}	{2}	{2}	0	0	1	
{1}	{1}	{20}	{1}	{1}	{1}	{1}	{1}	{3}	{1}	{0}	{1}	{1}	{0}	{0}	0	0	1	
{1}	{1}	{21}	{1}	{1}	{1}	{1}	{1}	{1}	{0}	{0}	{1}	{1}	{0}	{0}	0	0	1	
{1}	{1}	{22}	{1}	{1}	{0, 1, 2, 3, 4, 5, 6, 7, 8}	{1}	{1}	{1}	{3}	{0}	{1}	{1}	{2}	{0}	0	0	1	
{0, 1}	{1}	{23}	{1}	{1}	{1}	{1}	{1}	{3}	{0}	{0}	{1}	{1}	{2}	{0}	0	0	1	
{1}	{1}	{24}	{1}	{1}	{1}	{1}	{1}	{3}	{0}	{0}	{1}	{1}	{5}	{0}	0	0	1	
{1}	{2}	{12}	{2}	{2}	{2}	{2}	{1}	{3}	{0}	{0}	{2}	{2}	{2}	{2}	3	6	13	
{1}	{2}	{13}	{2}	{2}	{2}	{2}	{1}	{3}	{0}	{0}	{2}	{2}	{1}	{0}	3	6	12	
{1}	{2}	{14}	{2}	{2}	{0, 1, 2, 3, 4, 5, 6, 7, 8}	{2}	{1}	{2}	{0}	{0}	{2}	{2}	{4}	{0}	3	6	12	
{1}	{2}	{15}	{2}	{2}	{2}	{8}	{1}	{0}	{0}	{0}	{5}	{8}	{3}	{0}	3	6	13	
{1}	{2}	{16}	{4}	{8}	{0, 1, 2, 3, 4, 5, 6, 7, 8}	{8}	{1}	{4}	{2}	{0, 1, 2, 3, 4, 5, 6, 7, 8}	{5}	{8}	{1}	{0}	3	6	13	
{1}	{2}	{0, 1, 2, 3, 4, 5, 6, 7, 8, 9, 10, 11, 12, 13, 14, 15, 16, 17, 18, 19, 20, 21, 22, 23, 24}	{4}	{8}	{8}	{8}	{1}	{2}	{0}	{0}	{5}	{8}	{1}	{0}	3	6	13	
{1}	{2}	{18}	{4}	{8}	{8}	{8}	{1}	{2}	{1}	{0}	{5}	{8}	{1}	{1}	3	6	13	
{1}	{2}	{0, 1, 2, 3, 4, 5, 6, 7, 8, 9, 10, 11, 12, 13, 14, 15, 16, 17, 18, 19, 20, 21, 22, 23, 24}	{4}	{8}	{8}	{8}	{1}	{2}	{0}	{0}	{5}	{8}	{2}	{1}	3	6	13	
{1}	{2}	{20}	{4}	{8}	{8}	{8}	{1}	{3}	{0}	{0}	{5}	{2}	{0}	{1}	3	6	13	
{1}	{2}	{21}	{0, 1, 2, 3, 4, 5, 6, 7, 8}	{8}	{8}	{8}	{1}	{1}	{0, 1, 2, 3, 4, 5, 6, 7, 8}	{0}	{2}	{2}	{1}	{1}	3	6	13	
{1}	{2}	{22}	{2}	{2}	{2}	{2}	{1}	{0, 1, 2, 3, 4, 5, 6, 7, 8, 9}	{0}	{0}	{2}	{2}	{2}	{2}	3	6	12	
{1}	{2}	{23}	{2}	{2}	{2}	{2}	{1}	{3}	{3}	{0}	{2}	{2}	{0}	{2}	3	6	13	
{1}	{2}	{24}	{2}	{2}	{2}	{2}	{1}	{1}	{3}	{0}	{2}	{2}	{4}	{2}	3	6	12	
{1}	{3}	{12}	{0}	{0}	{0}	{0}	{6}	{2}	{1}	{7}	{0}	{0, 1, 2, 3, 4, 5, 6, 7, 8}	{2}	{2}	0	1	2	
{1}	{3}	{13}	{0}	{0}	{0}	{0}	{6}	{3}	{0}	{6}	{0}	{0}	{0}	{2}	0	1	2	
{1}	{3}	{14}	{0}	{0}	{0}	{0}	{7}	{1}	{3}	{6}	{0}	{0}	{1}	{2}	0	1	2	
{1}	{3}	{15}	{0}	{0}	{0}	{0}	{7}	{2}	{0}	{7}	{0}	{0}	{1}	{2}	0	1	2	
{1}	{3}	{16}	{0}	{0}	{0}	{0}	{6}	{2}	{0}	{7}	{0}	{0}	{1}	{0}	0	1	2	
{1}	{3}	{17}	{0}	{0}	{0}	{0}	{0, 1, 2, 3, 4, 5, 6, 7, 8}	{2}	{0}	{6}	{0}	{0}	{0}	{0}	0	1	2	
{1}	{3}	{18}	{0}	{0}	{0}	{0}	{7}	{1}	{0}	{6}	{0}	{0}	{1}	{0}	0	1	2	
{1}	{3}	{19}	{0}	{0}	{0}	{0}	{7}	{2}	{0}	{7}	{0}	{0}	{2}	{0}	0	1	2	
{1}	{3}	{20}	{0}	{0}	{0}	{0}	{6}	{3}	{1}	{7}	{0}	{0}	{0}	{0}	0	1	2	
{1}	{3}	{0, 1, 2, 3, 4, 5, 6, 7, 8, 9, 10, 11, 12, 13, 14, 15, 16, 17, 18, 19, 20, 21, 22, 23, 24}	{0}	{0}	{0}	{0}	{7}	{1}	{3}	{6}	{0}	{0}	{0}	{1}	0	1	2	
{1}	{3}	{22}	{0}	{0}	{0}	{0}	{3}	{1}	{3}	{7}	{0}	{0}	{1}	{1}	0	1	2	
{1}	{3}	{23}	{0}	{0}	{0}	{0}	{4}	{2}	{0}	{3}	{0}	{0}	{1}	{1}	0	1	2	
{1}	{3}	{24}	{0}	{0}	{0, 1, 2, 3, 4, 5, 6, 7, 8}	{0}	{7}	{2}	{1}	{4}	{0}	{0}	{3}	{1}	0	1	2	
{1}	{4}	{12}	{8}	{4}	{4}	{4}	{1}	{0}	{1}	{0}	{4}	{4}	{0}	{0, 1, 2, 3, 4, 5, 6, 7, 8, 9}	0	0	0	
{1}	{0, 1, 2, 3, 4, 5, 6, 7, 8, 9, 10, 11, 12, 13, 14, 15, 16, 17, 18, 19, 20, 21, 22, 23, 24, 25, 26, 27, 28, 29}	{13}	{8}	{4}	{4}	{4}	{1}	{1}	{0}	{0}	{0, 1, 2, 3, 4, 5, 6, 7, 8}	{3}	{1}	{0}	0	0	0	
{1}	{4}	{14}	{8}	{4}	{4}	{4}	{1}	{2}	{0}	{0}	{3}	{0, 1, 2, 3, 4, 5, 6, 7, 8}	{4}	{0}	0	0	0	
{1}	{4}	{15}	{3}	{4}	{3}	{0, 1, 2, 3, 4, 5, 6, 7, 8}	{1}	{0}	{0}	{0}	{4}	{4}	{3}	{1}	0	0	0	
{1}	{4}	{16}	{8}	{4}	{4}	{4}	{1}	{4}	{3}	{0}	{4}	{4}	{0}	{1}	0	0	0	
{1}	{4}	{17}	{8}	{0, 1, 2, 3, 4, 5, 6, 7, 8}	{4}	{4}	{1}	{1}	{0}	{0}	{4}	{3}	{0}	{1}	0	0	0	
{1}	{4}	{18}	{8}	{0, 1, 2, 3, 4, 5, 6, 7, 8}	{4}	{3}	{1}	{1}	{0}	{0}	{3}	{3}	{1}	{2}	0	0	0	
{1}	{4}	{0, 1, 2, 3, 4, 5, 6, 7, 8, 9, 10, 11, 12, 13, 14, 15, 16, 17, 18, 19, 20, 21, 22, 23, 24}	{3}	{3}	{3}	{3}	{1}	{2}	{3}	{0}	{3}	{3}	{4}	{2}	0	0	0	
{1}	{4}	{20}	{3}	{3}	{3}	{3}	{1}	{0}	{1}	{0, 1, 2, 3, 4, 5, 6, 7, 8}	{3}	{3}	{0}	{2}	0	0	0	
{1}	{4}	{21}	{3}	{3}	{3}	{3}	{1}	{1}	{3}	{0}	{3}	{3}	{0}	{2}	0	0	0	
{0, 1}	{4}	{22}	{3}	{3}	{3}	{3}	{1}	{1}	{0}	{0}	{3}	{3}	{1}	{2}	3	6	13	
{1}	{4}	{23}	{3}	{3}	{3}	{3}	{1}	{2}	{0}	{0}	{3}	{3}	{4}	{0}	3	6	13	
{1}	{4}	{24}	{3}	{3}	{3}	{3}	{1}	{0}	{0}	{0}	{3}	{3}	{5}	{0}	0	0	0	
{1}	{5}	{12}	{0}	{0}	{0}	{0}	{8}	{2}	{0}	{1}	{0}	{0}	{4}	{1}	0	0	1	
{1}	{5}	{13}	{0}	{0}	{0}	{0}	{6}	{0}	{2}	{8}	{0}	{0}	{0}	{1}	0	0	1	
{1}	{5}	{14}	{0}	{0}	{0}	{0}	{8}	{1}	{1}	{6}	{0}	{0}	{2}	{1}	0	0	1	
{1}	{5}	{15}	{0}	{0}	{0}	{0}	{0}	{3}	{1}	{8}	{0}	{0}	{4}	{1}	0	0	1	
{1}	{5}	{16}	{0}	{0}	{0}	{0}	{8}	{0}	{2}	{1}	{0}	{0}	{2}	{2}	0	0	1	
{1}	{5}	{17}	{0}	{0}	{0}	{0}	{0}	{3}	{0, 1, 2, 3, 4, 5, 6, 7, 8}	{8}	{0}	{0}	{0}	{0, 1, 2, 3, 4, 5, 6, 7, 8, 9}	0	0	1	
{1}	{5}	{18}	{0}	{0}	{0}	{0}	{6}	{1}	{5}	{1}	{0}	{0}	{1}	{2}	0	0	1	
{1}	{5}	{19}	{0}	{0}	{0, 1, 2, 3, 4, 5, 6, 7, 8}	{0}	{8}	{2}	{1}	{6}	{0}	{0}	{2}	{2}	0	0	1	
{1}	{5}	{20}	{0}	{0}	{0}	{0}	{0}	{3}	{1}	{8}	{0}	{0}	{0}	{2}	0	0	1	
{1}	{5}	{21}	{0}	{0}	{0}	{0}	{0}	{1}	{0}	{1}	{0}	{0}	{6}	{0}	0	0	1	
{1}	{5}	{22}	{0}	{0}	{0}	{0}	{8}	{6}	{2}	{1}	{0}	{0}	{1}	{0}	0	0	0	
{1}	{5}	{23}	{0}	{0}	{0}	{0}	{8}	{2}	{0}	{8}	{0}	{0}	{2}	{0}	0	0	0	
{1}	{5}	{24}	{0}	{0}	{0}	{0}	{8}	{3}	{0}	{8}	{0}	{0}	{3}	{0}	0	0	0	
{1}	{6}	{12}	{3}	{4}	{4}	{4}	{1}	{3}	{0}	{0}	{4}	{4}	{2}	{2}	3	7	15	
{1}	{6}	{13}	{8}	{4}	{4}	{4}	{1}	{3}	{0}	{0}	{4}	{3}	{0}	{2}	3	7	15	
{1}	{6}	{14}	{8}	{4}	{3}	{3}	{1}	{1}	{3}	{0}	{3}	{3}	{0, 1, 2, 3, 4, 5, 6, 7, 8, 9}	{0}	3	7	15	
{1}	{6}	{15}	{3}	{3}	{3}	{4}	{1}	{0}	{1}	{0}	{3}	{4}	{2}	{0}	3	7	15	
{1}	{6}	{16}	{3}	{4}	{4}	{4}	{1}	{3}	{3}	{0}	{4}	{3}	{0, 1, 2, 3, 4, 5, 6, 7, 8, 9}	{0}	3	7	15	
{1}	{6}	{17}	{8}	{4}	{3}	{3}	{0, 1, 2, 3, 4, 5, 6, 7, 8}	{6}	{2}	{0}	{3}	{3}	{1}	{0}	3	7	15	
{1}	{6}	{18}	{3}	{3}	{0, 1, 2, 3, 4, 5, 6, 7, 8}	{3}	{1}	{2}	{0}	{0}	{3}	{3}	{2}	{0}	3	7	14	
{1}	{6}	{19}	{3}	{3}	{3}	{3}	{1}	{3}	{0}	{0}	{3}	{3}	{2}	{1}	3	7	14	
{1}	{6}	{20}	{3}	{3}	{3}	{3}	{1}	{3}	{0, 1, 2, 3, 4, 5, 6, 7, 8}	{0}	{3}	{3}	{0}	{1}	3	7	15	
{1}	{6}	{21}	{3}	{0, 1, 2, 3, 4, 5, 6, 7, 8}	{3}	{3}	{1}	{1}	{0}	{0}	{3}	{3}	{1}	{1}	3	7	14	
{1}	{6}	{22}	{3}	{3}	{3}	{3}	{1}	{2}	{0}	{0}	{3}	{3}	{1}	{1}	3	7	14	
{1}	{6}	{23}	{3}	{3}	{3}	{3}	{1}	{2}	{3}	{0}	{3}	{3}	{1}	{2}	3	7	14	
{1}	{6}	{24}	{3}	{3}	{3}	{3}	{1}	{2}	{0}	{0}	{3}	{3}	{3}	{2}	3	7	14	
{1}	{7}	{12}	{1}	{1}	{1}	{1}	{1}	{3}	{0}	{0}	{0, 1, 2, 3, 4, 5, 6, 7, 8}	{1}	{2}	{2}	3	7	14	
{1}	{7}	{13}	{1}	{0, 1, 2, 3, 4, 5, 6, 7, 8}	{1}	{1}	{1}	{3}	{0}	{0}	{1}	{1}	{1}	{0}	3	7	14	
{1}	{7}	{0, 1, 2, 3, 4, 5, 6, 7, 8, 9, 10, 11, 12, 13, 14, 15, 16, 17, 18, 19, 20, 21, 22, 23, 24}	{1}	{1}	{1}	{1}	{1}	{2}	{3}	{0}	{1}	{1}	{4}	{0, 1, 2, 3, 4, 5, 6, 7, 8, 9}	3	7	14	
{1}	{7}	{15}	{1}	{1}	{1}	{1}	{1}	{0}	{1}	{0}	{1}	{1}	{2}	{0}	3	7	14	
{1}	{7}	{16}	{1}	{1}	{1}	{0, 1, 2, 3, 4, 5, 6, 7, 8}	{1}	{3}	{2}	{0}	{1}	{1}	{0}	{0}	3	7	14	
{1}	{7}	{17}	{1}	{1}	{1}	{1}	{0, 1, 2, 3, 4, 5, 6, 7, 8}	{1}	{0}	{0}	{1}	{1}	{0}	{0}	3	7	14	
{0, 1}	{7}	{18}	{0, 1, 2, 3, 4, 5, 6, 7, 8}	{1}	{1}	{1}	{1}	{1}	{0}	{0}	{1}	{1}	{2}	{1}	3	7	14	
{1}	{7}	{0, 1, 2, 3, 4, 5, 6, 7, 8, 9, 10, 11, 12, 13, 14, 15, 16, 17, 18, 19, 20, 21, 22, 23, 24}	{1}	{1}	{1}	{1}	{1}	{3}	{0}	{0}	{1}	{1}	{2}	{1}	3	7	14	
{1}	{7}	{20}	{0, 1, 2, 3, 4, 5, 6, 7, 8}	{1}	{1}	{1}	{1}	{3}	{0}	{0}	{1}	{0, 1, 2, 3, 4, 5, 6, 7, 8}	{6}	{1}	2	4	9	
{1}	{7}	{21}	{1}	{1}	{1}	{1}	{1}	{6}	{0}	{0}	{1}	{1}	{1}	{1}	2	4	9	
{1}	{7}	{22}	{1}	{1}	{1}	{1}	{1}	{2}	{0}	{0}	{1}	{1}	{1}	{2}	2	4	9	
{0, 1}	{7}	{0, 1, 2, 3, 4, 5, 6, 7, 8, 9, 10, 11, 12, 13, 14, 15, 16, 17, 18, 19, 20, 21, 22, 23, 24}	{1}	{1}	{1}	{1}	{1}	{2}	{3}	{0}	{1}	{1}	{0, 1, 2, 3, 4, 5, 6, 7, 8, 9}	{2}	2	4	9	
{1}	{7}	{24}	{1}	{1}	{1}	{1}	{1}	{4}	{0}	{0}	{1}	{0, 1, 2, 3, 4, 5, 6, 7, 8}	{3}	{2}	2	4	9	
{1}	{8}	{12}	{1}	{1}	{1}	{1}	{1}	{0, 1, 2, 3, 4, 5, 6, 7, 8, 9}	{0}	{0}	{1}	{5}	{1}	{5}	2	5	11	
{1}	{8}	{13}	{5}	{5}	{5}	{5}	{0, 1, 2, 3, 4, 5, 6, 7, 8}	{2}	{0}	{0}	{6}	{5}	{1}	{5}	2	5	11	
{1}	{8}	{14}	{5}	{5}	{5}	{5}	{1}	{2}	{0}	{0}	{6}	{5}	{4}	{5}	2	5	11	
{1}	{8}	{15}	{5}	{5}	{5}	{5}	{1}	{0}	{1}	{0}	{6}	{5}	{2}	{7}	2	5	11	
{1}	{8}	{16}	{5}	{5}	{5}	{1}	{1}	{3}	{3}	{0}	{1}	{5}	{1}	{7}	2	5	11	
{0, 1}	{8}	{17}	{1}	{1}	{1}	{1}	{1}	{2}	{3}	{0}	{1}	{5}	{0}	{7}	2	5	11	
{1}	{8}	{0, 1, 2, 3, 4, 5, 6, 7, 8, 9, 10, 11, 12, 13, 14, 15, 16, 17, 18, 19, 20, 21, 22, 23, 24}	{1}	{1}	{0, 1, 2, 3, 4, 5, 6, 7, 8}	{5}	{1}	{1}	{5}	{0}	{6}	{5}	{0, 1, 2, 3, 4, 5, 6, 7, 8, 9}	{7}	2	5	11	
{1}	{8}	{19}	{5}	{5}	{5}	{5}	{1}	{3}	{1}	{0}	{0, 1, 2, 3, 4, 5, 6, 7, 8}	{5}	{2}	{7}	2	5	11	
{1}	{8}	{20}	{5}	{5}	{5}	{5}	{1}	{3}	{1}	{0}	{0, 1, 2, 3, 4, 5, 6, 7, 8}	{5}	{6}	{0, 1, 2, 3, 4, 5, 6, 7, 8, 9}	2	5	11	
{1}	{8}	{21}	{5}	{5}	{5}	{5}	{1}	{6}	{3}	{0}	{0, 1, 2, 3, 4, 5, 6, 7, 8}	{5}	{1}	{8}	2	5	10	
{1}	{8}	{22}	{5}	{5}	{5}	{5}	{1}	{2}	{0}	{0}	{6}	{5}	{1}	{8}	2	5	10	
{1}	{8}	{23}	{5}	{5}	{5}	{5}	{1}	{2}	{0}	{0}	{6}	{5}	{1}	{8}	2	5	10	
{1}	{8}	{24}	{5}	{5}	{5}	{5}	{1}	{2}	{0}	{0}	{6}	{5}	{3}	{9}	2	5	10	
{1}	{9}	{12}	{0}	{0}	{0}	{0}	{0}	{0}	{0}	{1}	{0}	{0}	{1}	{1}	3	7	15	
{1}	{9}	{13}	{0}	{0}	{0}	{0}	{0}	{2}	{0, 1, 2, 3, 4, 5, 6, 7, 8}	{1}	{0}	{0}	{0, 1, 2, 3, 4, 5, 6, 7, 8, 9}	{1}	3	7	15	
{1}	{9}	{14}	{0}	{0}	{0}	{0}	{0}	{2}	{0}	{1}	{0}	{0}	{2}	{0, 1, 2, 3, 4, 5, 6, 7, 8, 9}	3	7	15	
{1}	{9}	{15}	{0}	{0}	{0}	{0}	{0}	{3}	{0}	{1}	{0}	{0}	{2}	{2}	3	7	15	
{1}	{9}	{16}	{0}	{0}	{0}	{0}	{0}	{3}	{3}	{1}	{0}	{0, 1, 2, 3, 4, 5, 6, 7, 8}	{0}	{2}	3	7	15	
{1}	{0, 1, 2, 3, 4, 5, 6, 7, 8, 9, 10, 11, 12, 13, 14, 15, 16, 17, 18, 19, 20, 21, 22, 23, 24, 25, 26, 27, 28, 29}	{17}	{0}	{0}	{0}	{0}	{0}	{0, 1, 2, 3, 4, 5, 6, 7, 8, 9}	{0}	{1}	{0}	{0}	{1}	{2}	3	7	15	
{1}	{9}	{18}	{0}	{0}	{0}	{0}	{0}	{2}	{0}	{1}	{0}	{0}	{1}	{2}	3	7	15	
{0, 1}	{9}	{19}	{0}	{0}	{0}	{0}	{0}	{2}	{3}	{1}	{0}	{0}	{2}	{0}	3	7	14	
{1}	{0, 1, 2, 3, 4, 5, 6, 7, 8, 9, 10, 11, 12, 13, 14, 15, 16, 17, 18, 19, 20, 21, 22, 23, 24, 25, 26, 27, 28, 29}	{20}	{0}	{0, 1, 2, 3, 4, 5, 6, 7, 8}	{0}	{0}	{0}	{3}	{1}	{0, 1, 2, 3, 4, 5, 6, 7, 8}	{0}	{0}	{0}	{0}	3	7	14	
{0, 1}	{9}	{21}	{0}	{0}	{0}	{0}	{0}	{1}	{3}	{1}	{0}	{0}	{1}	{0}	3	7	14	
{1}	{9}	{22}	{0}	{0, 1, 2, 3, 4, 5, 6, 7, 8}	{0}	{0}	{0}	{2}	{3}	{1}	{0}	{0, 1, 2, 3, 4, 5, 6, 7, 8}	{2}	{0}	3	7	14	
{0, 1}	{9}	{23}	{0}	{0}	{0}	{0}	{0}	{3}	{0}	{1}	{0}	{0}	{1}	{1}	2	4	9	
{1}	{9}	{24}	{0}	{0}	{0}	{0}	{0, 1, 2, 3, 4, 5, 6, 7, 8}	{2}	{0}	{1}	{0}	{0}	{3}	{1}	2	4	9	
{1}	{10}	{12}	{5}	{5}	{5}	{5}	{1}	{3}	{3}	{0}	{6}	{5}	{2}	{1}	3	7	15	
{1}	{10}	{0, 1, 2, 3, 4, 5, 6, 7, 8, 9, 10, 11, 12, 13, 14, 15, 16, 17, 18, 19, 20, 21, 22, 23, 24}	{5}	{5}	{5}	{5}	{1}	{3}	{0}	{0}	{6}	{5}	{2}	{2}	3	7	15	
{1}	{10}	{14}	{5}	{5}	{5}	{5}	{1}	{3}	{0}	{0}	{6}	{5}	{2}	{2}	3	7	15	
{1}	{10}	{15}	{5}	{5}	{5}	{0, 1, 2, 3, 4, 5, 6, 7, 8}	{0, 1, 2, 3, 4, 5, 6, 7, 8}	{3}	{1}	{0}	{6}	{5}	{1}	{0, 1, 2, 3, 4, 5, 6, 7, 8, 9}	3	7	15	
{1}	{10}	{16}	{0, 1, 2, 3, 4, 5, 6, 7, 8}	{0, 1, 2, 3, 4, 5, 6, 7, 8}	{5}	{5}	{1}	{2}	{6}	{0}	{6}	{5}	{1}	{2}	3	7	15	
{1}	{10}	{17}	{5}	{5}	{5}	{5}	{1}	{2}	{0}	{0}	{6}	{5}	{0, 1, 2, 3, 4, 5, 6, 7, 8, 9}	{2}	3	7	15	
{1}	{10}	{18}	{5}	{5}	{5}	{5}	{1}	{3}	{0}	{0}	{6}	{5}	{2}	{0}	3	7	15	
{1}	{10}	{19}	{5}	{5}	{5}	{5}	{1}	{3}	{3}	{0}	{6}	{5}	{2}	{0}	3	7	15	
{1}	{10}	{0, 1, 2, 3, 4, 5, 6, 7, 8, 9, 10, 11, 12, 13, 14, 15, 16, 17, 18, 19, 20, 21, 22, 23, 24}	{5}	{5}	{5}	{5}	{1}	{3}	{1}	{0}	{6}	{5}	{0}	{0}	3	7	15	
{1}	{10}	{21}	{5}	{5}	{5}	{5}	{1}	{1}	{0}	{0}	{6}	{5}	{0}	{0}	3	7	14	
{1}	{10}	{22}	{5}	{5}	{0, 1, 2, 3, 4, 5, 6, 7, 8}	{5}	{1}	{1}	{0}	{0}	{6}	{5}	{4}	{0}	3	7	14	
{1}	{10}	{0, 1, 2, 3, 4, 5, 6, 7, 8, 9, 10, 11, 12, 13, 14, 15, 16, 17, 18, 19, 20, 21, 22, 23, 24}	{5}	{5}	{5}	{5}	{1}	{0}	{0, 1, 2, 3, 4, 5, 6, 7, 8}	{0}	{6}	{0, 1, 2, 3, 4, 5, 6, 7, 8}	{4}	{1}	3	7	14	
{1}	{0, 1, 2, 3, 4, 5, 6, 7, 8, 9, 10, 11, 12, 13, 14, 15, 16, 17, 18, 19, 20, 21, 22, 23, 24, 25, 26, 27, 28, 29}	{24}	{5}	{5}	{5}	{5}	{1}	{0}	{0, 1, 2, 3, 4, 5, 6, 7, 8}	{0}	{0, 1, 2, 3, 4, 5, 6, 7, 8}	{5}	{3}	{2}	3	7	14	
{1}	{11}	{12}	{5}	{5}	{5}	{5}	{1}	{1}	{0}	{0}	{6}	{5}	{2}	{1}	0	0	1	
{1}	{11}	{13}	{5}	{5}	{5}	{5}	{1}	{3}	{0}	{0}	{6}	{5}	{1}	{2}	0	0	1	
{1}	{11}	{14}	{5}	{5}	{5}	{5}	{1}	{2}	{0}	{0}	{6}	{5}	{4}	{2}	0	0	1	
{1}	{11}	{15}	{5}	{5}	{5}	{5}	{0, 1, 2, 3, 4, 5, 6, 7, 8}	{0}	{1}	{0}	{6}	{5}	{1}	{2}	0	0	1	
{0, 1}	{11}	{16}	{5}	{5}	{5}	{5}	{1}	{2}	{2}	{0}	{6}	{0, 1, 2, 3, 4, 5, 6, 7, 8}	{2}	{2}	0	0	1	
{1}	{0, 1, 2, 3, 4, 5, 6, 7, 8, 9, 10, 11, 12, 13, 14, 15, 16, 17, 18, 19, 20, 21, 22, 23, 24, 25, 26, 27, 28, 29}	{17}	{5}	{5}	{5}	{5}	{0, 1, 2, 3, 4, 5, 6, 7, 8}	{3}	{0}	{0}	{6}	{5}	{1}	{2}	0	0	1	
{1}	{11}	{18}	{5}	{5}	{5}	{5}	{1}	{2}	{0}	{0}	{6}	{5}	{9}	{0}	0	0	1	
{1}	{11}	{19}	{5}	{5}	{5}	{5}	{0}	{9}	{7}	{0}	{6}	{5}	{4}	{0}	0	0	1	
{1}	{11}	{20}	{5}	{5}	{5}	{5}	{1}	{0}	{1}	{1}	{6}	{5}	{0}	{0}	0	0	1	
{1}	{11}	{21}	{5}	{5}	{5}	{5}	{1}	{1}	{1}	{0}	{6}	{5}	{1}	{0}	0	0	1	
{1}	{11}	{22}	{5}	{5}	{5}	{5}	{1}	{2}	{0}	{0, 1, 2, 3, 4, 5, 6, 7, 8}	{6}	{5}	{1}	{0}	0	0	1	
{1}	{11}	{23}	{5}	{5}	{5}	{5}	{1}	{2}	{2}	{0}	{6}	{5}	{2}	{1}	0	0	1	
{1}	{11}	{24}	{5}	{5}	{5}	{5}	{1}	{3}	{1}	{0}	{6}	{5}	{3}	{1}	0	0	1	
{1}	{12}	{12}	{7}	{7}	{7}	{7}	{1}	{3}	{1}	{0}	{8}	{7}	{2}	{2}	0	0	0	
{1}	{12}	{13}	{7}	{7}	{7}	{7}	{1}	{3}	{0}	{0}	{8}	{7}	{2}	{0}	0	0	0	
{1}	{12}	{14}	{7}	{7}	{7}	{7}	{1}	{3}	{3}	{0}	{8}	{7}	{2}	{0}	0	0	0	
{1}	{12}	{15}	{7}	{7}	{7}	{7}	{1}	{3}	{0}	{0}	{8}	{7}	{2}	{0}	0	0	0	
{1}	{0, 1, 2, 3, 4, 5, 6, 7, 8, 9, 10, 11, 12, 13, 14, 15, 16, 17, 18, 19, 20, 21, 22, 23, 24, 25, 26, 27, 28, 29}	{16}	{7}	{7}	{7}	{0, 1, 2, 3, 4, 5, 6, 7, 8}	{1}	{3}	{0}	{0}	{8}	{0, 1, 2, 3, 4, 5, 6, 7, 8}	{1}	{0}	0	0	0	
{1}	{12}	{17}	{7}	{7}	{7}	{7}	{1}	{2}	{0}	{0}	{8}	{7}	{2}	{0}	0	0	0	
{1}	{12}	{18}	{7}	{7}	{7}	{7}	{1}	{3}	{0}	{0}	{8}	{0, 1, 2, 3, 4, 5, 6, 7, 8}	{2}	{1}	0	0	0	
{1}	{12}	{19}	{7}	{0, 1, 2, 3, 4, 5, 6, 7, 8}	{7}	{7}	{1}	{3}	{0}	{0}	{8}	{7}	{1}	{1}	0	0	0	
{1}	{12}	{0, 1, 2, 3, 4, 5, 6, 7, 8, 9, 10, 11, 12, 13, 14, 15, 16, 17, 18, 19, 20, 21, 22, 23, 24}	{7}	{7}	{7}	{7}	{1}	{2}	{1}	{0, 1, 2, 3, 4, 5, 6, 7, 8}	{8}	{7}	{1}	{1}	0	0	0	
{1}	{12}	{21}	{7}	{7}	{7}	{7}	{1}	{2}	{3}	{0}	{8}	{7}	{1}	{2}	0	0	0	
{1}	{12}	{22}	{7}	{7}	{0, 1, 2, 3, 4, 5, 6, 7, 8}	{7}	{1}	{2}	{0}	{0, 1, 2, 3, 4, 5, 6, 7, 8}	{8}	{7}	{2}	{2}	0	0	0	
{1}	{12}	{23}	{7}	{7}	{7}	{7}	{1}	{3}	{3}	{0}	{8}	{7}	{2}	{2}	0	0	0	
{1}	{12}	{24}	{7}	{7}	{7}	{7}	{1}	{3}	{0}	{0}	{8}	{7}	{3}	{2}	0	0	0	
{1}	{13}	{12}	{0}	{0}	{0}	{0}	{8}	{1}	{3}	{1}	{0}	{0}	{2}	{0}	2	4	8	
{1}	{0, 1, 2, 3, 4, 5, 6, 7, 8, 9, 10, 11, 12, 13, 14, 15, 16, 17, 18, 19, 20, 21, 22, 23, 24, 25, 26, 27, 28, 29}	{13}	{0}	{0}	{0}	{0, 1, 2, 3, 4, 5, 6, 7, 8}	{0}	{3}	{0}	{8}	{0}	{0}	{1}	{0}	2	4	8	
{1}	{13}	{14}	{0}	{0}	{0}	{0}	{0}	{2}	{0}	{1}	{0}	{0}	{5}	{0}	2	4	8	
{1}	{13}	{15}	{0}	{0}	{0}	{0}	{8}	{5}	{3}	{1}	{0}	{0, 1, 2, 3, 4, 5, 6, 7, 8}	{5}	{0}	2	4	9	
{1}	{13}	{16}	{0}	{0}	{0}	{0}	{6}	{5}	{3}	{8}	{0}	{0}	{2}	{0}	3	7	14	
{1}	{13}	{17}	{0}	{0}	{0}	{0}	{6}	{3}	{0}	{6}	{0}	{0}	{2}	{1}	2	4	8	
{1}	{13}	{18}	{0}	{0}	{0}	{0}	{8}	{3}	{1}	{6}	{0}	{0}	{1}	{1}	2	4	8	
{0, 1}	{13}	{0, 1, 2, 3, 4, 5, 6, 7, 8, 9, 10, 11, 12, 13, 14, 15, 16, 17, 18, 19, 20, 21, 22, 23, 24}	{0}	{0}	{0}	{0, 1, 2, 3, 4, 5, 6, 7, 8}	{8}	{2}	{0}	{8}	{0}	{0}	{0}	{1}	2	4	8	
{1}	{13}	{20}	{0}	{0}	{0}	{0}	{0}	{1}	{1}	{8}	{0}	{0}	{0}	{1}	2	5	11	
{1}	{13}	{21}	{0}	{0}	{0}	{0}	{0}	{1}	{0}	{1}	{0}	{0}	{1}	{2}	2	5	11	
{1}	{13}	{22}	{0}	{0}	{0}	{0}	{0}	{2}	{0}	{1}	{0}	{0}	{1}	{2}	2	5	11	
{1}	{13}	{23}	{0}	{0}	{0}	{0}	{0}	{2}	{3}	{1}	{0}	{0}	{2}	{2}	2	5	11	
{1}	{13}	{24}	{0}	{0}	{0}	{0}	{8}	{3}	{0, 1, 2, 3, 4, 5, 6, 7, 8}	{1}	{0}	{0}	{3}	{2}	2	5	11	
{1}	{14}	{12}	{1}	{2}	{2}	{2}	{1}	{3}	{0}	{0}	{2}	{1}	{2}	{2}	2	5	11	
{1}	{14}	{13}	{2}	{2}	{0, 1, 2, 3, 4, 5, 6, 7, 8}	{2}	{1}	{3}	{0}	{0}	{2}	{2}	{2}	{2}	2	5	11	
{1}	{14}	{14}	{2}	{2}	{2}	{2}	{1}	{3}	{0, 1, 2, 3, 4, 5, 6, 7, 8}	{0}	{2}	{2}	{0, 1, 2, 3, 4, 5, 6, 7, 8, 9}	{2}	2	5	11	
{1}	{14}	{15}	{2}	{2}	{2}	{2}	{1}	{4}	{3}	{0}	{2}	{2}	{4}	{2}	2	4	8	
{1}	{14}	{16}	{2}	{2}	{2}	{2}	{1}	{0, 1, 2, 3, 4, 5, 6, 7, 8, 9}	{0, 1, 2, 3, 4, 5, 6, 7, 8}	{0}	{2}	{2}	{1}	{0}	2	4	8	
{1}	{0, 1, 2, 3, 4, 5, 6, 7, 8, 9, 10, 11, 12, 13, 14, 15, 16, 17, 18, 19, 20, 21, 22, 23, 24, 25, 26, 27, 28, 29}	{17}	{2}	{2}	{2}	{2}	{1}	{2}	{0}	{0}	{2}	{2}	{4}	{0, 1, 2, 3, 4, 5, 6, 7, 8, 9}	2	4	8	
{1}	{14}	{18}	{2}	{2}	{2}	{2}	{1}	{0}	{0}	{0}	{2}	{2}	{1}	{0}	2	4	8	
{1}	{14}	{19}	{2}	{2}	{2}	{2}	{1}	{2}	{0}	{0}	{2}	{2}	{4}	{0}	2	4	8	
{0, 1}	{14}	{20}	{2}	{0, 1, 2, 3, 4, 5, 6, 7, 8}	{2}	{2}	{1}	{0}	{0}	{0}	{2}	{2}	{1}	{1}	2	4	8	
{0, 1}	{14}	{21}	{2}	{2}	{2}	{2}	{1}	{2}	{0}	{0}	{2}	{0, 1, 2, 3, 4, 5, 6, 7, 8}	{2}	{1}	2	4	8	
{1}	{14}	{22}	{2}	{2}	{2}	{2}	{1}	{3}	{0}	{0}	{2}	{2}	{2}	{1}	2	4	8	
{1}	{14}	{23}	{2}	{2}	{2}	{2}	{1}	{3}	{0}	{0}	{2}	{2}	{1}	{1}	2	4	8	
{1}	{0, 1, 2, 3, 4, 5, 6, 7, 8, 9, 10, 11, 12, 13, 14, 15, 16, 17, 18, 19, 20, 21, 22, 23, 24, 25, 26, 27, 28, 29}	{24}	{2}	{2}	{2}	{2}	{1}	{2}	{0}	{0}	{2}	{2}	{4}	{2}	2	4	8	
{1}	{15}	{12}	{1}	{1}	{1}	{1}	{1}	{3}	{0}	{0}	{1}	{1}	{2}	{0}	3	6	13	
{1}	{15}	{13}	{1}	{1}	{1}	{1}	{1}	{3}	{0}	{0}	{1}	{1}	{0, 1, 2, 3, 4, 5, 6, 7, 8, 9}	{1}	3	6	13	
{1}	{15}	{14}	{1}	{1}	{1}	{1}	{0}	{1}	{3}	{0}	{1}	{1}	{2}	{1}	3	6	13	
{1}	{15}	{15}	{1}	{1}	{1}	{1}	{1}	{3}	{1}	{0, 1, 2, 3, 4, 5, 6, 7, 8}	{1}	{1}	{2}	{1}	3	6	13	
{1}	{15}	{16}	{1}	{1}	{1}	{1}	{1}	{3}	{0}	{0}	{1}	{1}	{1}	{2}	3	6	13	
{1}	{15}	{17}	{0, 1, 2, 3, 4, 5, 6, 7, 8}	{1}	{1}	{1}	{1}	{2}	{3}	{0}	{1}	{5}	{0}	{2}	3	6	13	
{1}	{15}	{18}	{1}	{1}	{1}	{1}	{1}	{1}	{0}	{0}	{1}	{5}	{2}	{2}	3	6	12	
{1}	{15}	{19}	{1}	{1}	{1}	{1}	{1}	{3}	{0}	{0}	{6}	{5}	{2}	{2}	3	6	12	
{1}	{15}	{20}	{5}	{5}	{5}	{1}	{1}	{3}	{0}	{0}	{1}	{5}	{0}	{2}	3	6	12	
{1}	{15}	{21}	{1}	{5}	{5}	{5}	{1}	{1}	{3}	{0}	{6}	{5}	{2}	{0}	3	6	12	
{1}	{15}	{22}	{5}	{5}	{5}	{5}	{0}	{3}	{3}	{0}	{6}	{5}	{1}	{0, 1, 2, 3, 4, 5, 6, 7, 8, 9}	3	6	12	
{1}	{15}	{23}	{5}	{5}	{5}	{5}	{0}	{2}	{0}	{1}	{6}	{5}	{1}	{0}	3	6	12	
{1}	{15}	{24}	{5}	{0, 1, 2, 3, 4, 5, 6, 7, 8}	{5}	{5}	{0}	{2}	{0}	{0, 1, 2, 3, 4, 5, 6, 7, 8}	{6}	{5}	{3}	{0}	3	6	12	
{1}	{16}	{12}	{5}	{5}	{5}	{5}	{1}	{3}	{0}	{0}	{6}	{5}	{2}	{1}	2	4	8	
{1}	{16}	{13}	{5}	{5}	{5}	{5}	{1}	{3}	{0}	{0}	{6}	{5}	{3}	{1}	2	4	8	
{1}	{16}	{14}	{5}	{5}	{5}	{5}	{1}	{4}	{5}	{0}	{6}	{5}	{2}	{1}	2	4	8	
{1}	{16}	{15}	{5}	{0, 1, 2, 3, 4, 5, 6, 7, 8}	{5}	{5}	{1}	{3}	{1}	{0}	{6}	{5}	{2}	{1}	2	4	8	
{1}	{16}	{16}	{5}	{5}	{5}	{5}	{1}	{3}	{3}	{0}	{6}	{5}	{2}	{2}	2	4	8	
{1}	{16}	{17}	{5}	{5}	{5}	{5}	{1}	{3}	{3}	{0}	{6}	{5}	{0, 1, 2, 3, 4, 5, 6, 7, 8, 9}	{2}	2	4	8	
{1}	{16}	{18}	{5}	{5}	{5}	{5}	{1}	{0}	{0}	{0}	{6}	{5}	{2}	{2}	2	4	9	
{1}	{16}	{19}	{5}	{5}	{5}	{5}	{1}	{3}	{0}	{0}	{6}	{5}	{1}	{2}	2	4	9	
{1}	{16}	{20}	{5}	{5}	{5}	{5}	{1}	{2}	{1}	{0}	{6}	{5}	{1}	{0}	2	4	9	
{1}	{16}	{21}	{5}	{5}	{5}	{5}	{0, 1, 2, 3, 4, 5, 6, 7, 8}	{2}	{3}	{0}	{6}	{5}	{0, 1, 2, 3, 4, 5, 6, 7, 8, 9}	{0}	2	4	8	
{1}	{16}	{22}	{5}	{5}	{0}	{5}	{1}	{2}	{0}	{0}	{6}	{5}	{2}	{0}	2	4	8	
{1}	{16}	{23}	{0, 1, 2, 3, 4, 5, 6, 7, 8}	{5}	{0, 1, 2, 3, 4, 5, 6, 7, 8}	{5}	{1}	{3}	{0}	{0}	{6}	{5}	{0, 1, 2, 3, 4, 5, 6, 7, 8, 9}	{0}	2	4	9	
{0, 1}	{16}	{24}	{5}	{5}	{5}	{5}	{1}	{3}	{0}	{0}	{6}	{5}	{4}	{0}	2	4	9	
{1}	{17}	{12}	{2}	{2}	{2}	{2}	{1}	{0}	{3}	{0}	{2}	{2}	{2}	{1}	3	7	15	
{1}	{17}	{13}	{0, 1, 2, 3, 4, 5, 6, 7, 8}	{2}	{2}	{2}	{1}	{3}	{0}	{0}	{2}	{2}	{2}	{2}	3	7	15	
{1}	{17}	{14}	{2}	{2}	{2}	{2}	{0, 1, 2, 3, 4, 5, 6, 7, 8}	{3}	{3}	{0}	{2}	{2}	{2}	{2}	3	7	15	
{1}	{17}	{15}	{2}	{2}	{2}	{2}	{1}	{3}	{1}	{0}	{2}	{2}	{1}	{2}	3	7	15	
{1}	{17}	{0, 1, 2, 3, 4, 5, 6, 7, 8, 9, 10, 11, 12, 13, 14, 15, 16, 17, 18, 19, 20, 21, 22, 23, 24}	{2}	{2}	{2}	{2}	{1}	{2}	{5}	{0}	{2}	{2}	{1}	{2}	3	7	15	
{1}	{17}	{17}	{2}	{2}	{2}	{2}	{1}	{2}	{1}	{0}	{2}	{2}	{2}	{2}	3	7	15	
{1}	{17}	{18}	{2}	{2}	{2}	{2}	{1}	{3}	{0}	{0}	{2}	{2}	{2}	{0}	3	7	15	
{1}	{17}	{19}	{2}	{2}	{2}	{2}	{1}	{3}	{0, 1, 2, 3, 4, 5, 6, 7, 8}	{0}	{2}	{2}	{1}	{0}	3	7	15	
{1}	{17}	{20}	{2}	{2}	{0, 1, 2, 3, 4, 5, 6, 7, 8}	{2}	{1}	{2}	{0}	{0, 1, 2, 3, 4, 5, 6, 7, 8}	{2}	{2}	{1}	{0}	3	7	15	
{1}	{17}	{21}	{2}	{2}	{2}	{2}	{1}	{2}	{3}	{0}	{2}	{2}	{2}	{0}	3	7	14	
{1}	{17}	{22}	{2}	{2}	{2}	{2}	{1}	{3}	{0}	{0}	{2}	{2}	{2}	{0}	3	7	14	
{1}	{17}	{23}	{2}	{2}	{2}	{2}	{1}	{3}	{3}	{0}	{2}	{2}	{1}	{0, 1, 2, 3, 4, 5, 6, 7, 8, 9}	3	7	14	
{1}	{17}	{24}	{2}	{2}	{2}	{2}	{1}	{2}	{0}	{0}	{2}	{2}	{3}	{1}	3	7	14	
{1}	{18}	{12}	{4}	{8}	{8}	{8}	{1}	{3}	{1}	{0}	{5}	{2}	{1}	{2}	2	4	9	
{1}	{18}	{13}	{4}	{8}	{8}	{8}	{1}	{2}	{3}	{0}	{5}	{8}	{2}	{2}	2	4	9	
{1}	{18}	{14}	{4}	{8}	{8}	{8}	{1}	{3}	{0}	{0}	{5}	{8}	{2}	{2}	2	4	9	
{1}	{18}	{15}	{0, 1, 2, 3, 4, 5, 6, 7, 8}	{8}	{8}	{8}	{1}	{3}	{0}	{0}	{0, 1, 2, 3, 4, 5, 6, 7, 8}	{0, 1, 2, 3, 4, 5, 6, 7, 8}	{0, 1, 2, 3, 4, 5, 6, 7, 8, 9}	{2}	2	4	9	
{1}	{18}	{16}	{4}	{8}	{8}	{8}	{1}	{3}	{3}	{0}	{5}	{0, 1, 2, 3, 4, 5, 6, 7, 8}	{2}	{0, 1, 2, 3, 4, 5, 6, 7, 8, 9}	3	7	14	
{1}	{0, 1, 2, 3, 4, 5, 6, 7, 8, 9, 10, 11, 12, 13, 14, 15, 16, 17, 18, 19, 20, 21, 22, 23, 24, 25, 26, 27, 28, 29}	{17}	{4}	{8}	{8}	{8}	{1}	{3}	{0}	{0}	{5}	{8}	{2}	{0}	3	7	14	
{1}	{18}	{18}	{4}	{8}	{8}	{8}	{1}	{0, 1, 2, 3, 4, 5, 6, 7, 8, 9}	{0}	{0}	{5}	{8}	{4}	{0}	3	7	14	
{1}	{18}	{19}	{4}	{8}	{8}	{8}	{0, 1, 2, 3, 4, 5, 6, 7, 8}	{0}	{0}	{0}	{5}	{8}	{2}	{0}	3	7	14	
{1}	{0, 1, 2, 3, 4, 5, 6, 7, 8, 9, 10, 11, 12, 13, 14, 15, 16, 17, 18, 19, 20, 21, 22, 23, 24, 25, 26, 27, 28, 29}	{20}	{4}	{8}	{8}	{8}	{1}	{3}	{0}	{0}	{5}	{8}	{1}	{0}	3	7	14	
{1}	{18}	{21}	{4}	{8}	{8}	{8}	{1}	{2}	{0}	{0}	{5}	{8}	{1}	{1}	3	7	14	
{1}	{18}	{22}	{4}	{8}	{8}	{8}	{1}	{2}	{3}	{0}	{5}	{8}	{4}	{1}	3	7	14	
{1}	{18}	{23}	{4}	{8}	{8}	{8}	{1}	{0}	{0}	{0}	{5}	{8}	{1}	{1}	3	7	14	
{1}	{18}	{24}	{4}	{8}	{8}	{8}	{1}	{2}	{0}	{0}	{5}	{8}	{3}	{2}	3	7	14	
{1}	{19}	{12}	{3}	{3}	{0, 1, 2, 3, 4, 5, 6, 7, 8}	{3}	{1}	{3}	{0}	{0}	{3}	{3}	{0, 1, 2, 3, 4, 5, 6, 7, 8, 9}	{2}	3	6	12	
{1}	{19}	{13}	{3}	{3}	{3}	{3}	{1}	{3}	{0, 1, 2, 3, 4, 5, 6, 7, 8}	{0}	{3}	{0, 1, 2, 3, 4, 5, 6, 7, 8}	{1}	{2}	3	6	12	
{1}	{19}	{14}	{3}	{3}	{3}	{3}	{1}	{2}	{0, 1, 2, 3, 4, 5, 6, 7, 8}	{0, 1, 2, 3, 4, 5, 6, 7, 8}	{0, 1, 2, 3, 4, 5, 6, 7, 8}	{3}	{2}	{0}	3	6	12	
{1}	{19}	{15}	{3}	{3}	{3}	{3}	{0, 1, 2, 3, 4, 5, 6, 7, 8}	{3}	{1}	{0}	{3}	{3}	{4}	{0}	3	6	12	
{1}	{19}	{16}	{3}	{3}	{3}	{3}	{1}	{0}	{5}	{0}	{3}	{0, 1, 2, 3, 4, 5, 6, 7, 8}	{1}	{0}	3	6	13	
{1}	{19}	{17}	{3}	{3}	{3}	{3}	{1}	{2}	{0}	{0}	{3}	{3}	{2}	{0}	3	6	12	
{1}	{19}	{18}	{3}	{3}	{3}	{3}	{1}	{3}	{0}	{0}	{3}	{3}	{1}	{0}	3	6	12	
{1}	{19}	{19}	{3}	{3}	{3}	{3}	{1}	{2}	{0}	{0}	{3}	{3}	{2}	{1}	3	6	12	
{1}	{19}	{20}	{3}	{0, 1, 2, 3, 4, 5, 6, 7, 8}	{3}	{3}	{1}	{3}	{1}	{0}	{3}	{8}	{0}	{1}	3	6	12	
{0, 1}	{19}	{21}	{3}	{3}	{3}	{3}	{1}	{1}	{0}	{0}	{5}	{8}	{2}	{1}	3	6	12	
{1}	{19}	{22}	{4}	{3}	{3}	{3}	{1}	{3}	{3}	{0}	{5}	{8}	{2}	{1}	3	6	12	
{1}	{19}	{23}	{0, 1, 2, 3, 4, 5, 6, 7, 8}	{3}	{3}	{3}	{1}	{0, 1, 2, 3, 4, 5, 6, 7, 8, 9}	{0}	{0}	{3}	{8}	{1}	{2}	3	6	12	
{1}	{19}	{0, 1, 2, 3, 4, 5, 6, 7, 8, 9, 10, 11, 12, 13, 14, 15, 16, 17, 18, 19, 20, 21, 22, 23, 24}	{3}	{3}	{3}	{3}	{1}	{2}	{0}	{0}	{5}	{3}	{3}	{2}	3	6	12	
{1}	{20}	{12}	{5}	{5}	{5}	{5}	{1}	{3}	{0}	{0}	{6}	{5}	{2}	{1}	1	3	7	
{1}	{20}	{13}	{5}	{5}	{5}	{5}	{1}	{3}	{0}	{0}	{6}	{5}	{4}	{2}	2	5	10	
{0, 1}	{20}	{14}	{5}	{5}	{5}	{5}	{0, 1, 2, 3, 4, 5, 6, 7, 8}	{0}	{3}	{0}	{6}	{5}	{1}	{2}	2	5	10	
{1}	{0, 1, 2, 3, 4, 5, 6, 7, 8, 9, 10, 11, 12, 13, 14, 15, 16, 17, 18, 19, 20, 21, 22, 23, 24, 25, 26, 27, 28, 29}	{15}	{5}	{5}	{5}	{5}	{1}	{2}	{1}	{0}	{0, 1, 2, 3, 4, 5, 6, 7, 8}	{5}	{3}	{2}	2	5	10	
{1}	{20}	{16}	{5}	{5}	{5}	{0, 1, 2, 3, 4, 5, 6, 7, 8}	{1}	{4}	{2}	{0}	{6}	{5}	{2}	{2}	2	5	10	
{1}	{20}	{17}	{5}	{5}	{5}	{5}	{1}	{3}	{0, 1, 2, 3, 4, 5, 6, 7, 8}	{0}	{6}	{5}	{4}	{2}	2	5	10	
{1}	{20}	{18}	{5}	{5}	{5}	{5}	{1}	{0}	{1}	{0}	{6}	{5}	{2}	{0}	2	5	10	
{1}	{20}	{19}	{5}	{5}	{5}	{5}	{1}	{3}	{3}	{0}	{6}	{5}	{1}	{0}	2	5	10	
{1}	{20}	{20}	{5}	{5}	{5}	{5}	{1}	{2}	{1}	{0}	{6}	{5}	{1}	{0}	2	5	10	
{1}	{20}	{21}	{5}	{5}	{5}	{5}	{1}	{2}	{0}	{0}	{6}	{5}	{1}	{0}	2	5	10	
{1}	{20}	{22}	{5}	{5}	{5}	{5}	{1}	{2}	{3}	{0}	{6}	{5}	{2}	{0}	2	5	10	
{1}	{20}	{23}	{5}	{5}	{5}	{5}	{1}	{3}	{0}	{0}	{6}	{5}	{1}	{1}	2	5	10	
{1}	{20}	{24}	{5}	{5}	{5}	{5}	{1}	{2}	{0}	{0}	{6}	{5}	{4}	{1}	2	5	10	
{1}	{21}	{12}	{0}	{0}	{0}	{0}	{0}	{2}	{3}	{1}	{0}	{0, 1, 2, 3, 4, 5, 6, 7, 8}	{4}	{2}	3	6	12	
{1}	{21}	{13}	{0}	{0}	{0}	{0}	{0}	{0}	{0}	{1}	{0}	{0}	{0}	{2}	3	6	12	
{1}	{21}	{14}	{0}	{0}	{0}	{0}	{0}	{1}	{0}	{1}	{0}	{0}	{2}	{0}	3	6	12	
{1}	{21}	{15}	{0}	{0}	{0}	{0}	{0}	{3}	{1}	{1}	{0}	{0}	{2}	{0}	3	6	12	
{1}	{21}	{16}	{0}	{0}	{0}	{0}	{0, 1, 2, 3, 4, 5, 6, 7, 8}	{3}	{8}	{1}	{0}	{0}	{1}	{0}	3	6	12	
{1}	{21}	{17}	{0}	{0}	{0}	{0}	{8}	{2}	{1}	{6}	{0}	{0}	{0}	{0}	3	6	12	
{1}	{21}	{18}	{0, 1, 2, 3, 4, 5, 6, 7, 8}	{0}	{0}	{0}	{8}	{1}	{0}	{8}	{0}	{0}	{1}	{0}	3	6	12	
{1}	{21}	{19}	{0}	{0}	{0}	{0}	{8}	{2}	{0}	{8}	{0}	{0}	{2}	{1}	3	7	15	
{1}	{21}	{20}	{0}	{0}	{0}	{0}	{0}	{3}	{1}	{8}	{0}	{0}	{0}	{1}	3	7	15	
{1}	{21}	{21}	{0}	{0}	{0, 1, 2, 3, 4, 5, 6, 7, 8}	{0}	{0}	{0, 1, 2, 3, 4, 5, 6, 7, 8, 9}	{0}	{1}	{0, 1, 2, 3, 4, 5, 6, 7, 8}	{0}	{1}	{1}	3	7	15	
{1}	{21}	{22}	{0}	{0}	{0}	{0}	{0}	{2}	{0}	{1}	{0}	{0}	{2}	{2}	3	7	15	
{1}	{21}	{23}	{0}	{5}	{0}	{0}	{0}	{3}	{3}	{1}	{0}	{0}	{2}	{2}	3	7	15	
{1}	{21}	{24}	{0}	{0}	{0}	{0}	{8}	{3}	{0}	{1}	{0}	{0}	{5}	{2}	3	7	15	
{1}	{22}	{12}	{0}	{0}	{0}	{0}	{0}	{3}	{0}	{0, 1, 2, 3, 4, 5, 6, 7, 8}	{0}	{0}	{1}	{2}	2	5	11	
{1}	{22}	{13}	{0}	{0}	{0}	{0}	{0, 1, 2, 3, 4, 5, 6, 7, 8}	{2}	{3}	{1}	{0}	{0}	{2}	{0}	2	5	11	
{1}	{22}	{14}	{0, 1, 2, 3, 4, 5, 6, 7, 8}	{0}	{0}	{0}	{0}	{3}	{0, 1, 2, 3, 4, 5, 6, 7, 8}	{1}	{0}	{0}	{1}	{0, 1, 2, 3, 4, 5, 6, 7, 8, 9}	2	5	11	
{0, 1}	{22}	{15}	{0}	{0}	{0}	{0}	{1}	{2}	{1}	{1}	{0}	{0}	{3}	{0}	2	5	10	
{1}	{22}	{16}	{0}	{0}	{0}	{0}	{0}	{4}	{3}	{0}	{0}	{0}	{0}	{0}	2	5	11	
{1}	{22}	{17}	{0}	{0}	{0}	{0}	{0}	{1}	{3}	{1}	{0}	{0}	{2}	{0}	2	5	11	
{1}	{22}	{18}	{0}	{0, 1, 2, 3, 4, 5, 6, 7, 8}	{0}	{0, 1, 2, 3, 4, 5, 6, 7, 8}	{0}	{0, 1, 2, 3, 4, 5, 6, 7, 8, 9}	{1}	{1}	{0}	{0}	{1}	{1}	2	5	11	
{1}	{22}	{19}	{0}	{0}	{0, 1, 2, 3, 4, 5, 6, 7, 8}	{0}	{0}	{2}	{3}	{1}	{0}	{0}	{2}	{1}	2	5	11	
{1}	{22}	{20}	{0}	{0, 1, 2, 3, 4, 5, 6, 7, 8}	{0}	{0}	{0}	{3}	{1}	{1}	{0}	{0}	{1}	{0, 1, 2, 3, 4, 5, 6, 7, 8, 9}	2	5	11	
{1}	{22}	{21}	{0}	{0}	{0}	{0}	{0}	{2}	{0}	{1}	{0}	{0}	{0}	{2}	2	5	11	
{1}	{22}	{22}	{0}	{0, 1, 2, 3, 4, 5, 6, 7, 8}	{0, 1, 2, 3, 4, 5, 6, 7, 8}	{0}	{0}	{1}	{0}	{1}	{0}	{0}	{2}	{2}	2	5	11	
{1}	{22}	{23}	{0}	{0}	{0}	{0}	{0}	{3}	{3}	{1}	{0}	{0}	{2}	{2}	2	5	11	
{1}	{22}	{24}	{0}	{0}	{0}	{0}	{0}	{3}	{0}	{1}	{0}	{0}	{4}	{2}	2	5	11	
{1}	{23}	{12}	{2}	{0, 1, 2, 3, 4, 5, 6, 7, 8}	{2}	{2}	{1}	{3}	{0}	{0}	{2}	{2}	{1}	{0}	2	4	8	
{1}	{23}	{13}	{2}	{2}	{2}	{2}	{0, 1, 2, 3, 4, 5, 6, 7, 8}	{2}	{0}	{0}	{2}	{2}	{4}	{0}	2	4	8	
{1}	{23}	{14}	{2}	{2}	{0, 1, 2, 3, 4, 5, 6, 7, 8}	{2}	{1}	{0}	{3}	{0}	{2}	{2}	{1}	{0, 1, 2, 3, 4, 5, 6, 7, 8, 9}	2	4	9	
{1}	{23}	{15}	{2}	{2}	{2}	{2}	{1}	{2}	{1}	{0}	{2}	{0, 1, 2, 3, 4, 5, 6, 7, 8}	{4}	{0}	2	4	9	
{1}	{23}	{16}	{2}	{2}	{2}	{2}	{1}	{0}	{2}	{0}	{0, 1, 2, 3, 4, 5, 6, 7, 8}	{2}	{2}	{1}	2	4	9	
{1}	{23}	{17}	{2}	{2}	{2}	{2}	{1}	{3}	{0}	{0}	{2}	{2}	{4}	{1}	2	4	9	
{1}	{23}	{18}	{2}	{2}	{2}	{2}	{1}	{0}	{0}	{0}	{2}	{2}	{2}	{1}	2	4	9	
{1}	{23}	{19}	{2}	{2}	{2}	{2}	{1}	{3}	{0}	{0}	{2}	{2}	{1}	{2}	2	4	9	
{1}	{23}	{0, 1, 2, 3, 4, 5, 6, 7, 8, 9, 10, 11, 12, 13, 14, 15, 16, 17, 18, 19, 20, 21, 22, 23, 24}	{2}	{2}	{2}	{2}	{1}	{2}	{0}	{0}	{2}	{2}	{1}	{2}	2	4	9	
{1}	{23}	{21}	{2}	{2}	{1}	{2}	{1}	{2}	{0}	{0}	{2}	{2}	{1}	{2}	2	4	9	
{1}	{23}	{22}	{2}	{2}	{2}	{2}	{1}	{2}	{3}	{0}	{2}	{2}	{2}	{2}	2	4	9	
{1}	{23}	{23}	{2}	{2}	{2}	{2}	{1}	{3}	{0}	{0}	{2}	{2}	{0}	{0}	2	4	9	
{1}	{23}	{24}	{2}	{2}	{2}	{2}	{1}	{1}	{0, 1, 2, 3, 4, 5, 6, 7, 8}	{0}	{2}	{2}	{4}	{0}	2	4	9	
{1}	{24}	{12}	{5}	{5}	{5}	{5}	{8}	{4}	{5}	{1}	{6}	{5}	{0, 1, 2, 3, 4, 5, 6, 7, 8, 9}	{0}	1	2	4	
{1}	{24}	{13}	{5}	{5}	{5}	{5}	{1}	{3}	{1}	{8}	{6}	{5}	{1}	{1}	1	2	4	
{1}	{24}	{14}	{5}	{5}	{5}	{5}	{1}	{2}	{1}	{0}	{6}	{5}	{2}	{1}	1	2	4	
{1}	{24}	{15}	{5}	{5}	{5}	{5}	{1}	{3}	{1}	{0}	{6}	{5}	{2}	{1}	1	2	4	
{1}	{24}	{16}	{5}	{5}	{5}	{5}	{1}	{3}	{3}	{0}	{6}	{5}	{1}	{1}	1	2	4	
{1}	{24}	{17}	{5}	{5}	{5}	{5}	{0}	{2}	{3}	{0}	{0, 1, 2, 3, 4, 5, 6, 7, 8}	{0, 1, 2, 3, 4, 5, 6, 7, 8}	{2}	{2}	1	2	4	
{1}	{24}	{18}	{5}	{5}	{5}	{5}	{1}	{3}	{1}	{1}	{6}	{5}	{2}	{2}	1	2	4	
{1}	{24}	{19}	{5}	{5}	{5}	{5}	{1}	{3}	{0}	{0}	{6}	{5}	{2}	{2}	1	2	4	
{1}	{24}	{20}	{5}	{5}	{5}	{5}	{1}	{3}	{1}	{0}	{6}	{5}	{1}	{2}	1	2	4	
{1}	{24}	{21}	{5}	{5}	{5}	{5}	{1}	{2}	{0}	{0}	{0, 1, 2, 3, 4, 5, 6, 7, 8}	{5}	{1}	{0}	1	2	4	
{1}	{24}	{22}	{5}	{5}	{5}	{5}	{1}	{2}	{0}	{0}	{6}	{5}	{2}	{0}	1	2	4	
{1}	{24}	{23}	{5}	{5}	{5}	{5}	{1}	{3}	{3}	{0}	{6}	{5}	{1}	{0}	1	2	4	
{1}	{24}	{24}	{5}	{5}	{5}	{5}	{1}	{2}	{0}	{0}	{6}	{5}	{0, 1, 2, 3, 4, 5, 6, 7, 8, 9}	{0}	1	2	4	
{1}	{25}	{12}	{2}	{2}	{2}	{2}	{1}	{3}	{3}	{0}	{2}	{1}	{1}	{1}	3	7	15	
{1}	{25}	{13}	{2}	{2}	{2}	{2}	{1}	{2}	{1}	{0}	{2}	{2}	{2}	{2}	3	7	15	
{1}	{25}	{14}	{2}	{2}	{2}	{2}	{1}	{3}	{3}	{0}	{2}	{2}	{4}	{2}	3	7	15	
{1}	{25}	{15}	{2}	{2}	{2}	{2}	{1}	{0}	{1}	{0}	{2}	{2}	{4}	{2}	3	7	15	
{1}	{25}	{16}	{2}	{2}	{2}	{2}	{1}	{0}	{0, 1, 2, 3, 4, 5, 6, 7, 8}	{0}	{2}	{2}	{2}	{2}	3	7	15	
{1}	{25}	{17}	{2}	{2}	{2}	{2}	{1}	{3}	{0}	{0}	{2}	{2}	{1}	{0}	3	7	15	
{1}	{25}	{18}	{2}	{2}	{2}	{2}	{1}	{2}	{0}	{0}	{2}	{2}	{1}	{0}	3	7	15	
{1}	{25}	{19}	{2}	{2}	{2}	{2}	{1}	{2}	{0}	{0}	{2}	{2}	{1}	{0}	3	7	15	
{1}	{25}	{20}	{2}	{2}	{2}	{2}	{1}	{2}	{0}	{0}	{2}	{2}	{1}	{0}	3	7	15	
{1}	{25}	{21}	{2}	{2}	{2}	{2}	{1}	{2}	{0}	{0}	{2}	{1}	{0}	{0}	3	7	15	
{1}	{25}	{22}	{2}	{2}	{2}	{2}	{1}	{1}	{3}	{0}	{2}	{1}	{1}	{1}	3	7	15	
{1}	{25}	{23}	{2}	{1}	{1}	{1}	{0, 1, 2, 3, 4, 5, 6, 7, 8}	{2}	{0}	{0}	{1}	{1}	{1}	{1}	3	7	15	
{1}	{0, 1, 2, 3, 4, 5, 6, 7, 8, 9, 10, 11, 12, 13, 14, 15, 16, 17, 18, 19, 20, 21, 22, 23, 24, 25, 26, 27, 28, 29}	{24}	{1}	{1}	{1}	{1}	{1}	{2}	{0}	{0}	{1}	{1}	{4}	{1}	3	7	14	
{1}	{26}	{12}	{4}	{8}	{8}	{8}	{1}	{3}	{0}	{0}	{5}	{8}	{1}	{2}	3	6	13	
{1}	{26}	{13}	{4}	{8}	{8}	{8}	{1}	{2}	{1}	{0}	{5}	{8}	{0, 1, 2, 3, 4, 5, 6, 7, 8, 9}	{2}	3	6	13	
{1}	{26}	{14}	{4}	{8}	{8}	{8}	{1}	{2}	{3}	{0}	{5}	{8}	{3}	{0}	3	6	12	
{0, 1}	{26}	{15}	{4}	{8}	{8}	{8}	{1}	{4}	{0}	{0}	{5}	{8}	{4}	{0}	3	6	13	
{1}	{26}	{16}	{4}	{8}	{8}	{8}	{1}	{0}	{3}	{0}	{0, 1, 2, 3, 4, 5, 6, 7, 8}	{8}	{1}	{0}	3	6	13	
{0, 1}	{26}	{17}	{4}	{8}	{8}	{8}	{1}	{2}	{0}	{0}	{5}	{8}	{2}	{0}	3	6	13	
{1}	{0, 1, 2, 3, 4, 5, 6, 7, 8, 9, 10, 11, 12, 13, 14, 15, 16, 17, 18, 19, 20, 21, 22, 23, 24, 25, 26, 27, 28, 29}	{18}	{4}	{8}	{8}	{8}	{1}	{3}	{0}	{0}	{5}	{8}	{1}	{0}	3	6	13	
{1}	{26}	{19}	{4}	{8}	{8}	{8}	{1}	{2}	{3}	{0}	{5}	{8}	{2}	{1}	3	6	13	
{1}	{26}	{0, 1, 2, 3, 4, 5, 6, 7, 8, 9, 10, 11, 12, 13, 14, 15, 16, 17, 18, 19, 20, 21, 22, 23, 24}	{4}	{8}	{8}	{8}	{1}	{3}	{1}	{0}	{5}	{8}	{0}	{1}	3	6	13	
{1}	{26}	{21}	{4}	{8}	{8}	{8}	{0, 1, 2, 3, 4, 5, 6, 7, 8}	{0, 1, 2, 3, 4, 5, 6, 7, 8, 9}	{3}	{0}	{5}	{8}	{1}	{1}	3	6	12	
{1}	{26}	{22}	{4}	{8}	{8}	{8}	{1}	{2}	{0}	{0}	{5}	{8}	{2}	{1}	3	6	12	
{1}	{26}	{23}	{4}	{8}	{8}	{8}	{1}	{3}	{0}	{0}	{5}	{8}	{2}	{2}	3	6	13	
{1}	{26}	{24}	{4}	{8}	{8}	{8}	{1}	{3}	{0}	{0}	{5}	{8}	{3}	{2}	3	6	13	
{1}	{27}	{0, 1, 2, 3, 4, 5, 6, 7, 8, 9, 10, 11, 12, 13, 14, 15, 16, 17, 18, 19, 20, 21, 22, 23, 24}	{5}	{5}	{5}	{5}	{1}	{0}	{3}	{0}	{6}	{5}	{1}	{0}	1	3	6	
{1}	{27}	{13}	{5}	{5}	{5}	{5}	{1}	{2}	{1}	{0}	{0, 1, 2, 3, 4, 5, 6, 7, 8}	{5}	{2}	{1}	1	2	4	
{0, 1}	{27}	{14}	{5}	{5}	{5}	{5}	{1}	{3}	{0}	{0}	{0, 1, 2, 3, 4, 5, 6, 7, 8}	{5}	{1}	{1}	1	2	4	
{1}	{0, 1, 2, 3, 4, 5, 6, 7, 8, 9, 10, 11, 12, 13, 14, 15, 16, 17, 18, 19, 20, 21, 22, 23, 24, 25, 26, 27, 28, 29}	{15}	{5}	{5}	{5}	{5}	{1}	{2}	{1}	{0}	{6}	{0, 1, 2, 3, 4, 5, 6, 7, 8}	{2}	{0, 1, 2, 3, 4, 5, 6, 7, 8, 9}	1	2	4	
{1}	{27}	{16}	{5}	{5}	{5}	{5}	{1}	{3}	{2}	{0}	{6}	{5}	{1}	{1}	1	2	4	
{1}	{27}	{17}	{5}	{5}	{5}	{5}	{1}	{2}	{3}	{0}	{6}	{5}	{2}	{2}	1	2	4	
{1}	{27}	{0, 1, 2, 3, 4, 5, 6, 7, 8, 9, 10, 11, 12, 13, 14, 15, 16, 17, 18, 19, 20, 21, 22, 23, 24}	{5}	{5}	{5}	{5}	{1}	{3}	{1}	{0}	{6}	{5}	{1}	{2}	1	2	4	
{1}	{27}	{19}	{5}	{5}	{5}	{5}	{1}	{2}	{0}	{0}	{6}	{5}	{0, 1, 2, 3, 4, 5, 6, 7, 8, 9}	{2}	1	2	4	
{1}	{27}	{20}	{5}	{5}	{5}	{5}	{1}	{3}	{0}	{0}	{6}	{5}	{0}	{2}	1	2	4	
{0, 1}	{27}	{21}	{5}	{5}	{5}	{5}	{1}	{1}	{0}	{0}	{6}	{5}	{1}	{0}	1	2	4	
{1}	{27}	{22}	{5}	{5}	{5}	{5}	{1}	{2}	{3}	{0}	{6}	{5}	{2}	{0}	1	2	4	
{1}	{27}	{23}	{5}	{5}	{5}	{5}	{1}	{3}	{0}	{0}	{6}	{0, 1, 2, 3, 4, 5, 6, 7, 8}	{2}	{0}	1	2	4	
{1}	{27}	{24}	{5}	{5}	{0, 1, 2, 3, 4, 5, 6, 7, 8}	{5}	{1}	{3}	{3}	{0, 1, 2, 3, 4, 5, 6, 7, 8}	{6}	{5}	{3}	{0}	1	2	4	
{1}	{28}	{12}	{1}	{1}	{1}	{1}	{1}	{2}	{0}	{0}	{1}	{1}	{2}	{2}	3	7	15	
{1}	{28}	{13}	{1}	{1}	{1}	{1}	{1}	{3}	{0}	{0}	{1}	{1}	{2}	{0}	3	7	15	
{1}	{28}	{14}	{1}	{1}	{1}	{1}	{1}	{3}	{0}	{0}	{1}	{0, 1, 2, 3, 4, 5, 6, 7, 8}	{2}	{0}	3	7	15	
{1}	{0, 1, 2, 3, 4, 5, 6, 7, 8, 9, 10, 11, 12, 13, 14, 15, 16, 17, 18, 19, 20, 21, 22, 23, 24, 25, 26, 27, 28, 29}	{15}	{1}	{1}	{1}	{1}	{1}	{3}	{1}	{0}	{1}	{1}	{4}	{0}	3	7	15	
{1}	{28}	{16}	{1}	{1}	{1}	{1}	{1}	{0}	{5}	{0}	{1}	{1}	{2}	{0}	3	7	15	
{1}	{28}	{17}	{1}	{1}	{1}	{1}	{1}	{3}	{0}	{0}	{1}	{1}	{2}	{0}	3	7	15	
{1}	{28}	{18}	{1}	{1}	{1}	{1}	{1}	{3}	{0}	{0}	{1}	{1}	{1}	{0, 1, 2, 3, 4, 5, 6, 7, 8, 9}	3	7	15	
{1}	{0, 1, 2, 3, 4, 5, 6, 7, 8, 9, 10, 11, 12, 13, 14, 15, 16, 17, 18, 19, 20, 21, 22, 23, 24, 25, 26, 27, 28, 29}	{19}	{1}	{1}	{1}	{1}	{1}	{2}	{3}	{0}	{1}	{1}	{1}	{1}	3	7	15	
{1}	{28}	{20}	{1}	{1}	{1}	{1}	{1}	{2}	{1}	{0}	{1}	{1}	{1}	{1}	3	7	15	
{1}	{28}	{21}	{1}	{1}	{1}	{1}	{1}	{2}	{3}	{0}	{1}	{1}	{1}	{1}	3	7	15	
{1}	{28}	{22}	{1}	{1}	{1}	{1}	{1}	{2}	{3}	{0}	{1}	{1}	{2}	{2}	3	7	15	
{1}	{28}	{23}	{1}	{1}	{1}	{1}	{1}	{3}	{3}	{0}	{0, 1, 2, 3, 4, 5, 6, 7, 8}	{1}	{1}	{2}	3	7	15	
{1}	{28}	{24}	{1}	{1}	{0, 1, 2, 3, 4, 5, 6, 7, 8}	{1}	{1}	{2}	{0}	{0}	{1}	{1}	{2}	{2}	3	7	15	
{1}	{29}	{12}	{4}	{8}	{8}	{8}	{1}	{3}	{0}	{0}	{5}	{8}	{2}	{2}	3	6	13	
{1}	{29}	{13}	{4}	{8}	{8}	{8}	{1}	{3}	{0}	{0}	{5}	{8}	{1}	{0}	3	6	13	
{1}	{29}	{14}	{4}	{8}	{8}	{8}	{1}	{2}	{0}	{0}	{0, 1, 2, 3, 4, 5, 6, 7, 8}	{8}	{4}	{0}	3	6	13	
{1}	{29}	{15}	{4}	{8}	{8}	{8}	{1}	{0}	{1}	{0}	{5}	{8}	{2}	{0}	3	6	13	
{1}	{29}	{16}	{4}	{8}	{8}	{8}	{1}	{3}	{2}	{0}	{5}	{8}	{6}	{0}	3	6	13	
{0, 1}	{29}	{17}	{4}	{8}	{8}	{8}	{1}	{6}	{3}	{0}	{5}	{8}	{1}	{0}	3	6	13	
{1}	{29}	{18}	{4}	{8}	{8}	{8}	{1}	{2}	{0}	{0}	{5}	{8}	{2}	{1}	3	6	12	
{1}	{29}	{19}	{4}	{8}	{8}	{8}	{1}	{3}	{0}	{0}	{5}	{8}	{4}	{1}	3	6	12	
{1}	{0, 1, 2, 3, 4, 5, 6, 7, 8, 9, 10, 11, 12, 13, 14, 15, 16, 17, 18, 19, 20, 21, 22, 23, 24, 25, 26, 27, 28, 29}	{20}	{4}	{8}	{8}	{8}	{1}	{0}	{0}	{0}	{5}	{8}	{1}	{1}	3	6	13	
{1}	{29}	{21}	{4}	{8}	{8}	{8}	{1}	{2}	{0}	{0}	{5}	{8}	{1}	{1}	3	6	12	
{1}	{29}	{22}	{4}	{8}	{8}	{8}	{1}	{0, 1, 2, 3, 4, 5, 6, 7, 8, 9}	{3}	{0}	{5}	{8}	{1}	{2}	3	6	12	
{1}	{29}	{0, 1, 2, 3, 4, 5, 6, 7, 8, 9, 10, 11, 12, 13, 14, 15, 16, 17, 18, 19, 20, 21, 22, 23, 24}	{4}	{8}	{8}	{8}	{1}	{2}	{0}	{0}	{5}	{8}	{1}	{2}	3	6	12	
{1}	{29}	{0, 1, 2, 3, 4, 5, 6, 7, 8, 9, 10, 11, 12, 13, 14, 15, 16, 17, 18, 19, 20, 21, 22, 23, 24}	{4}	{8}	{8}	{8}	{1}	{2}	{3}	{0}	{5}	{8}	{3}	{2}	3	6	12	